0;#;FORM;LEMMA;GRAM;COMMENT;CHECKED;CONTEXT;RIGHT1;RIGHT2;RIGHT3;RIGHT4;RIGHT5;RIGHT6;POS;AUTO_LEMMA;AUTO_GRAM;
962;# doc = AboutFriend.2.txt;;;;;;;;;;;;;;;;
963;# speaker = Галина;;;;;;;;;;;;;;;;
964;# sent = 68;;;;;;;;;;;;;;;;
965;;Она;ОНА;SPRO sg 3p f nom;;;   _Она_ была там ,;а;н;о;;;;SPRO;ОНА;SPRO sg 3p f nom;А
966;;была;БЫТЬ;V ipf praet sg indic f -;;;  Она _была_ там , ;а;л;ы;б;;;V;БЫТЬ;V ipf praet sg indic f -;Ь
967;;там;ТАМ;ADVPRO;;; Она была _там_ ,  вааще;м;а;т;;;;ADV;ТАМ;ADV -;М
968;;,;,;PUNCT;;;;;;;;;;PUNCT;;;
969;"<distinct form=""";;;;;;;;;;;;;;;;
970;<dist>;вааще;;;;;;;;;;;;;;;
971;""">";;;;;;;;;;;;;;;;
972;;вообще;ВООБЩЕ;ADV -;;; вааще  _вообще_  . ;е;щ;б;о;о;в;ADV;ВООБЩЕ;ADV -;Е
973;</distinct>;;;;;;;;;;;;;;;;
974;;.;.;PUNCT;;;;;;;;;;PUNCT;;;
975;;;;;;;;;;;;;;;;;
976;# sent = 69;;;;;;;;;;;;;;;;
977;;Но;НО;CONJ;;;.   _Но_ она хотела в;о;н;;;;;CONJ;НО;CONJ;О
978;;она;ОНА;SPRO sg 3p f nom;;;  Но _она_ хотела в Венгрию;а;н;о;;;;SPRO;ОНА;SPRO sg 3p f nom;А
979;;хотела;ХОТЕТЬ;V ipf praet sg indic f -;;; Но она _хотела_ в Венгрию поехать;а;л;е;т;о;х;V;ХОТЕТЬ;V ipf praet sg indic f -;Ь
980;;в;В;PR;;;Но она хотела _в_ Венгрию поехать ,;в;;;;;;PR;В;PR;В
981;;Венгрию;ВЕНГРИЯ;S f inan acc sg;;;она хотела в _Венгрию_ поехать , а;ю;и;р;г;н;е;S;ВЕНГРИЯ;S f inan acc sg;Я
982;;поехать;ПОЕХАТЬ;V pf - - inf - -;;;хотела в Венгрию _поехать_ , а \;ь;т;а;х;е;о;V;ПОЕХАТЬ;V pf - - inf - -;Ь
983;;,;,;PUNCT;;;;;;;;;;PUNCT;;;
984;;а;А;CONJ;;;Венгрию поехать , _а_ \ \ тётя;а;;;;;;CONJ;А;CONJ;А
985;;\;\;PUNCT;;;;;;;;;;PUNCT;;;
986;;\;\;PUNCT;;;;;;;;;;PUNCT;;;
987;;тётя;ТЕТЯ;S f anim nom sg;;;а \ \ _тётя_ ... это ...;я;т;ё;т;;;S;ТЕТЯ;S f anim nom sg;Я
988;;...;...;PUNCT;;;;;;;;;;PUNCT;;;
989;;это;ЭТО;PART;;;\ тётя ... _это_ ... ну эта;о;т;э;;;;PART;ЭТО;S n inan acc sg;О
990;;...;...;PUNCT;;;;;;;;;;PUNCT;;;
991;;ну;НУ;PART;;;... это ... _ну_ эта женщина ,;у;н;;;;;PART;НУ;PART;У
992;;эта;ЭТОТ;APRO - nom sg plen f anim;;;это ... ну _эта_ женщина , ей;а;т;э;;;;APRO;ЭТОТ;A - nom sg plen f -;Т
993;;женщина;ЖЕНЩИНА;S f anim nom sg;;;... ну эта _женщина_ , ей хотелось;а;н;и;щ;н;е;S;ЖЕНЩИНА;S f anim nom sg;А
994;;,;,;PUNCT;;;;;;;;;;PUNCT;;;
995;;ей;ОНА;SPRO sg 3p f dat;;;эта женщина , _ей_ хотелось в Ницу;й;е;;;;;SPRO;ОНА;SPRO sg 3p f dat;А
996;;хотелось;ХОТЕТЬСЯ;V ipf praet sg indic n -;;;женщина , ей _хотелось_ в Ницу .;ь;с;о;л;е;т;V;ХОТЕТЬСЯ;V ipf praet sg indic n -;Я
997;;в;В;PR;;;, ей хотелось _в_ Ницу . ;в;;;;;;PR;В;PR;В
998;;Ницу;НИЦА;S f inan acc sg;;;ей хотелось в _Ницу_ .  ;у;ц;и;н;;;S;НИЦ;S f inan loc sg;А
999;;.;.;PUNCT;;;;;;;;;;PUNCT;;;
1000;;;;;;;;;;;;;;;;;
1001;# sent = 70;;;;;;;;;;;;;;;;
1002;;Ну;НУ;PART;;;.   _Ну_ Люда была в;у;н;;;;;PART;НУ;PART;У
1003;;Люда;ЛЮДА;S f anim nom sg pers;;;  Ну _Люда_ была в Нице;а;д;ю;л;;;S;ЛЮДА;S f anim nom sg;А
1004;;была;БЫТЬ;V ipf praet sg indic f -;;; Ну Люда _была_ в Нице ,;а;л;ы;б;;;V;БЫТЬ;V ipf praet sg indic f -;Ь
1005;;в;В;PR;;;Ну Люда была _в_ Нице , говорит;в;;;;;;PR;В;PR;В
1006;;Нице;НИЦА;S f inan loc sg;;;Люда была в _Нице_ , говорит ну;е;ц;и;н;;;S;НИЦА;S m anim loc sg;А
1007;;,;,;PUNCT;;;;;;;;;;PUNCT;;;
1008;;говорит;ГОВОРИТЬ;V ipf praes sg indic - 3p;;;в Нице , _говорит_ ну ничего ,;т;и;р;о;в;о;V;ГОВОРИТЬ;V ipf praes sg indic - 3p;Ь
1009;;ну;НУ;PART;;;Нице , говорит _ну_ ничего , говорит;у;н;;;;;PART;НУ;PART;У
1010;;ничего;НИЧЕГО;PRAEDIC;;;, говорит ну _ничего_ , говорит ,;о;г;е;ч;и;н;ADV;НИЧЕГО;ADV -;О
1011;;,;,;PUNCT;;;;;;;;;;PUNCT;;;
1012;;говорит;ГОВОРИТЬ;V ipf praes sg indic - 3p;;;ну ничего , _говорит_ , я похожу;т;и;р;о;в;о;V;ГОВОРИТЬ;V ipf praes sg indic - 3p;Ь
1013;;,;,;PUNCT;;;;;;;;;;PUNCT;;;
1014;;я;Я;SPRO sg 1p - nom;;;, говорит , _я_ похожу , мест;я;;;;;;SPRO;Я;SPRO sg 1p - nom;Я
1015;;похожу;ПОХОДИТЬ;V pf fut sg indic - 1p;;;говорит , я _похожу_ , мест там;у;ж;о;х;о;п;V;ПОХОДИТЬ;V ipf praes sg indic - 1p;Ь
1016;;,;,;PUNCT;;;;;;;;;;PUNCT;;;
1017;;мест;МЕСТО;S n inan gen pl;;;я похожу , _мест_ там много ,;т;с;е;м;;;S;МЕСТО;S n inan gen pl;О
1018;;там;ТАМ;ADVPRO;;;похожу , мест _там_ много , всё;м;а;т;;;;ADV;ТАМ;ADV -;М
1019;;много;МНОГО;ADV -;;;, мест там _много_ , всё равно;о;г;о;н;м;;ADV;МНОГО;ADV -;О
1020;;,;,;PUNCT;;;;;;;;;;PUNCT;;;
1021;;всё;ВСЕ;S n - nom sg;;;там много , _всё_ равно куда можно;ё;с;в;;;;S;ВСЕ;S n - nom sg;Е
1022;;равно;РАВНЫЙ;A - - sg brev n -;;;много , всё _равно_ куда можно пойти;о;н;в;а;р;;A;РАВНЫЙ;A - - sg brev n -;Й
1023;;куда;КУДА;ADV -;;;, всё равно _куда_ можно пойти ,;а;д;у;к;;;ADV;КУДА;ADV -;А
1024;;можно;МОЖНО;PRAEDIC;;;всё равно куда _можно_ пойти , посмотреть;о;н;ж;о;м;;PRAEDIC;МОЖНО;PRAEDIC;О
1025;;пойти;ПОЙТИ;V pf - - inf - -;;;равно куда можно _пойти_ , посмотреть .;и;т;й;о;п;;V;ПОЙТИ;V pf - - inf - -;И
1026;;,;,;PUNCT;;;;;;;;;;PUNCT;;;
1027;;посмотреть;ПОСМОТРЕТЬ;V pf - - inf - -;;;можно пойти , _посмотреть_ .  ;ь;т;е;р;т;о;V;ПОСМОТРЕТЬ;V pf - - inf - -;Ь
1028;;.;.;PUNCT;;;;;;;;;;PUNCT;;;
1029;;;;;;;;;;;;;;;;;
1030;# sent = 71;;;;;;;;;;;;;;;;
1031;;Вот;ВОТ;PART;;;.   _Вот_ .  ;т;о;в;;;;PART;ВОТ;PART;Т
1032;;.;.;PUNCT;;;;;;;;;;PUNCT;;;
1033;;;;;;;;;;;;;;;;;
1034;# sent = 72;;;;;;;;;;;;;;;;
1035;;Но;НО;CONJ;;;.   _Но_ единственное она ;о;н;;;;;CONJ;НО;CONJ;О
1036;;единственное;ЕДИНСТВЕННЫЙ;PARENTH;;;  Но _единственное_ она  гворит;е;о;н;н;е;в;A;ЕДИНСТВЕННЫЙ;A - nom sg plen n -;Й
1037;;она;ОНА;SPRO sg 3p f nom;;; Но единственное _она_  гворит ;а;н;о;;;;SPRO;ОНА;SPRO sg 3p f nom;А
1038;"<distinct form=""";;;;;;;;;;;;;;;;
1039;<dist>;гворит;;;;;;;;;;;;;;;
1040;""">";;;;;;;;;;;;;;;;
1041;;говорит;ГОВОРИТЬ;V ipf praes sg indic - 3p;;; гворит  _говорит_  напарница моя;т;и;р;о;в;о;V;ГОВОРИТЬ;V ipf praes sg indic - 3p;Ь
1042;</distinct>;;;;;;;;;;;;;;;;
1043;;напарница;НАПАРНИЦА;S f anim nom sg;;; говорит  _напарница_ моя хочет ,;а;ц;и;н;р;а;S;НАПАРНИЦА;S f anim nom sg;А
1044;;моя;МОЙ;APRO - nom sg plen f anim;;;говорит  напарница _моя_ хочет , ;я;о;м;;;;APRO;МОЙ;A - nom sg plen f -;Й
1045;;хочет;ХОТЕТЬ;V ipf praes sg indic - 3p;;; напарница моя _хочет_ ,  щас;т;е;ч;о;х;;V;ХОТЕТЬ;V ipf praes sg indic - 3p;Ь
1046;;,;,;PUNCT;;;;;;;;;;PUNCT;;;
1047;"<distinct form=""";;;;;;;;;;;;;;;;
1048;<dist>;щас;;;;;;;;;;;;;;;
1049;""">";;;;;;;;;;;;;;;;
1050;;сейчас;СЕЙЧАС;ADV -;;; щас  _сейчас_  я прожую;с;а;ч;й;е;с;ADV;СЕЙЧАС;ADV -;С
1051;</distinct>;;;;;;;;;;;;;;;;
1052;;я;Я;SPRO sg 1p - nom;;; сейчас  _я_ прожую . ;я;;;;;;SPRO;Я;SPRO sg 1p - nom;Я
1053;;прожую;ПРОЖЕВАТЬ;V pf fut sg indic - 1p;;;сейчас  я _прожую_ .  ;ю;у;ж;о;р;п;V;ПРОЖЕВАТЬ;V pf fut sg indic - 1p;Ь
1054;;.;.;PUNCT;;;;;;;;;;PUNCT;;;
1055;;;;;;;;;;;;;;;;;
1056;# sent = 73;;;;;;;;;;;;;;;;
1057;;Напарница;НАПАРНИЦА;S f anim nom sg;;;.   _Напарница_ моя конечно хочет;а;ц;и;н;р;а;S;НАПАРНИЦА;S f anim nom sg;А
1058;;моя;МОЙ;APRO - nom sg plen f anim;;;  Напарница _моя_ конечно хочет купаться;я;о;м;;;;APRO;МОЙ;A - nom sg plen f -;Й
1059;;конечно;КОНЕЧНО;ADV -;;; Напарница моя _конечно_ хочет купаться ,;о;н;ч;е;н;о;ADV;КОНЕЧНО;ADV -;О
1060;;хочет;ХОТЕТЬ;V ipf praes sg indic - 3p;;;Напарница моя конечно _хочет_ купаться , а;т;е;ч;о;х;;V;ХОТЕТЬ;V ipf praes sg indic - 3p;Ь
1061;;купаться;КУПАТЬСЯ;V ipf - - inf - -;;;моя конечно хочет _купаться_ , а а;я;с;ь;т;а;п;V;КУПАТЬСЯ;V ipf - - inf - -;Я
1062;;,;,;PUNCT;;;;;;;;;;PUNCT;;;
1063;;а;А;CONJ;;;хочет купаться , _а_ а тётя Люда;а;;;;;;CONJ;А;CONJ;А
1064;;а;А;CONJ;;;купаться , а _а_ тётя Люда как;а;;;;;;CONJ;А;CONJ;А
1065;;тётя;ТЕТЯ;S f anim nom sg;;;, а а _тётя_ Люда как и;я;т;ё;т;;;S;ТЕТЯ;S f anim nom sg;Я
1066;;Люда;ЛЮДА;S f anim nom sg pers;;;а а тётя _Люда_ как и я;а;д;ю;л;;;S;ЛЮДА;S f anim nom sg;А
1067;;как;КАК;CONJ;;;а тётя Люда _как_ и я -;к;а;к;;;;CONJ;КАК;CONJ;К
1068;;и;И;CONJ;;;тётя Люда как _и_ я - не;и;;;;;;CONJ;И;CONJ;И
1069;;я;Я;SPRO sg 1p - nom;;;Люда как и _я_ - не очень;я;;;;;;SPRO;Я;SPRO sg 1p - nom;Я
1070;;-;-;PUNCT;;;;;;;;;;PUNCT;;;
1071;;не;НЕ;PART;;;и я - _не_ очень купается ,;е;н;;;;;PART;НЕ;PART;Е
1072;;очень;ОЧЕНЬ;ADV -;;;я - не _очень_ купается , вот;ь;н;е;ч;о;;ADV;ОЧЕНЬ;ADV -;Ь
1073;;купается;КУПАТЬСЯ;V ipf praes sg indic - 3p;;;- не очень _купается_ , вот .;я;с;т;е;а;п;V;КУПАТЬСЯ;V ipf praes sg indic - 3p;Я
1074;;,;,;PUNCT;;;;;;;;;;PUNCT;;;
1075;;вот;ВОТ;PART;;;очень купается , _вот_ .  ;т;о;в;;;;PART;ВОТ;PART;Т
1076;;.;.;PUNCT;;;;;;;;;;PUNCT;;;
1077;;;;;;;;;;;;;;;;;
1078;# sent = 74;;;;;;;;;;;;;;;;
1079;;Ну;НУ;PART;;;.   _Ну_ , говорит ,;у;н;;;;;PART;НУ;PART;У
1080;;,;,;PUNCT;;;;;;;;;;PUNCT;;;
1081;;говорит;ГОВОРИТЬ;V ipf praes sg indic - 3p;;; Ну , _говорит_ , посмотрю ,;т;и;р;о;в;о;V;ГОВОРИТЬ;V ipf praes sg indic - 3p;Ь
1082;;,;,;PUNCT;;;;;;;;;;PUNCT;;;
1083;;посмотрю;ПОСМОТРЕТЬ;V pf fut sg indic - 1p;;;, говорит , _посмотрю_ , потому что два;ю;р;т;о;м;с;V;ПОСМОТРЕТЬ;V pf fut sg indic - 1p;Ь
1084;;,;,;PUNCT;;;;;;;;;;PUNCT;;;
1085;;потому что;потому что;CONJ;;;, посмотрю , _потому что_ два раза на;о;т;ч; ;у;м;CONJ;потому что;CONJ;о
1086;;два;ДВА;NUM acc m inan;;;посмотрю , потому что _два_ раза на пляж;а;в;д;;;;NUM;ДВА;NUM acc m inan;А
1087;;раза;РАЗ;S m inan gen sg;;;, потому что два _раза_ на пляж конечно;а;з;а;р;;;S;РАЗ;S m inan gen sg;З
1088;;на;НА;PR;;;потому что два раза _на_ пляж конечно я;а;н;;;;;PR;НА;PR;А
1089;;пляж;ПЛЯЖ;S m inan acc sg;;;два раза на _пляж_ конечно я не;ж;я;л;п;;;S;ПЛЯЖ;S m inan acc sg;Ж
1090;;конечно;КОНЕЧНО;ADV -;;;раза на пляж _конечно_ я не буду;о;н;ч;е;н;о;ADV;КОНЕЧНО;ADV -;О
1091;;я;Я;SPRO sg 1p - nom;;;на пляж конечно _я_ не буду выходить;я;;;;;;SPRO;Я;SPRO sg 1p - nom;Я
1092;;не;НЕ;PART;;;пляж конечно я _не_ буду выходить и;е;н;;;;;PART;НЕ;PART;Е
1093;;буду;БЫТЬ;V ipf fut sg indic - 1p;;;конечно я не _буду_ выходить и мне;у;д;у;б;;;V;БЫТЬ;V ipf praes sg indic - 1p;Ь
1094;;выходить;ВЫХОДИТЬ;V ipf - - inf - -;;;я не буду _выходить_ и мне ,;ь;т;и;д;о;х;V;ВЫХОДИТЬ;V ipf - - inf - -;Ь
1095;;и;И;CONJ;;;не буду выходить _и_ мне , ;и;;;;;;CONJ;И;CONJ;И
1096;;мне;Я;SPRO sg 1p - dat;;;буду выходить и _мне_ ,  гворит;е;н;м;;;;SPRO;Я;SPRO sg 1p - dat;Я
1097;;,;,;PUNCT;;;;;;;;;;PUNCT;;;
1098;"<distinct form=""";;;;;;;;;;;;;;;;
1099;<dist>;гворит;;;;;;;;;;;;;;;
1100;""">";;;;;;;;;;;;;;;;
1101;;говорит;ГОВОРИТЬ;V ipf praes sg indic - 3p;;; гворит  _говорит_  , там;т;и;р;о;в;о;V;ГОВОРИТЬ;V ipf praes sg indic - 3p;Ь
1102;</distinct>;;;;;;;;;;;;;;;;
1103;;,;,;PUNCT;;;;;;;;;;PUNCT;;;
1104;;там;ТАМ;ADV -;;;говорит  , _там_ не нравится море;м;а;т;;;;ADV;ТАМ;ADV -;М
1105;;не;НЕ;PART;;; , там _не_ нравится море ,;е;н;;;;;PART;НЕ;PART;Е
1106;;нравится;НРАВИТЬСЯ;V ipf praes sg indic - 3p;;;, там не _нравится_ море , там;я;с;т;и;в;а;V;НРАВИТЬСЯ;V ipf praes sg indic - 3p;Я
1107;;море;МОРЕ;S n inan nom sg;;;там не нравится _море_ , там валуны;е;р;о;м;;;S;МОРЕ;S n inan nom sg;Е
1108;;,;,;PUNCT;;;;;;;;;;PUNCT;;;
1109;;там;ТАМ;PART;;;нравится море , _там_ валуны . ;м;а;т;;;;PART;ТАМ;PART;М
1110;;валуны;ВАЛУН;S m inan nom pl;;;море , там _валуны_ .  ;ы;н;у;л;а;в;S;ВАЛУН;S m inan nom pl;Н
1111;;.;.;PUNCT;;;;;;;;;;PUNCT;;;
1112;;;;;;;;;;;;;;;;;
1113;# sent = 75;;;;;;;;;;;;;;;;
1114;;Вот;ВОТ;PART;;;.   _Вот_ как , ты;т;о;в;;;;PART;ВОТ;PART;Т
1115;;как;КАК;ADV -;;;  Вот _как_ , ты меня;к;а;к;;;;ADV;КАК;ADV -;К
1116;;,;,;PUNCT;;;;;;;;;;PUNCT;;;
1117;;ты;ТЫ;SPRO sg 2p - nom;;;Вот как , _ты_ меня уже записываешь;ы;т;;;;;SPRO;ТЫ;SPRO sg 2p - nom;Ы
1118;;меня;Я;SPRO sg 1p - acc;;;как , ты _меня_ уже записываешь ,;я;н;е;м;;;SPRO;Я;SPRO sg 1p - acc;Я
1119;;уже;УЖЕ;ADV -;;;, ты меня _уже_ записываешь , нет;е;ж;у;;;;ADV;УЖЕ;ADV -;Е
1120;;записываешь;ЗАПИСЫВАТЬ;V ipf praes sg indic - 2p;;;ты меня уже _записываешь_ , нет ?;ь;ш;е;а;в;ы;V;ЗАПИСЫВАТЬ;V ipf praes sg indic - 2p;Ь
1121;;,;,;PUNCT;;;;;;;;;;PUNCT;;;
1122;;нет;НЕТ;PART;;;уже записываешь , _нет_ ?  ;т;е;н;;;;PART;НЕТ;PART;Т
1123;;?;?;PUNCT;;;;;;;;;;PUNCT;;;
1124;;;;;;;;;;;;;;;;;
1125;# sent = 76;;;;;;;;;;;;;;;;
1126;# speaker = Аня;;;;;;;;;;;;;;;;
1127;# sent = 77;;;;;;;;;;;;;;;;
1128;;Да;ДА;PART;;;   _Да_ .  ;а;д;;;;;CONJ;ДА;CONJ;А
1129;;.;.;PUNCT;;;;;;;;;;PUNCT;;;
1130;;;;;;;;;;;;;;;;;
1131;# sent = 78;;;;;;;;;;;;;;;;
1132;# speaker = Галина;;;;;;;;;;;;;;;;
1133;# sent = 79;;;;;;;;;;;;;;;;
1134;;Вот;ВОТ;PART;;;   _Вот_ как в Риге;т;о;в;;;;PART;ВОТ;PART;Т
1135;;как;КАК;CONJ;;;  Вот _как_ в Риге ,;к;а;к;;;;CONJ;КАК;CONJ;К
1136;;в;В;PR;;; Вот как _в_ Риге , в;в;;;;;;PR;В;PR;В
1137;;Риге;РИГА;S f inan loc sg;;;Вот как в _Риге_ , в Юрмале;е;г;и;р;;;S;РИГА;S f inan loc sg;А
1138;;,;,;PUNCT;;;;;;;;;;PUNCT;;;
1139;;в;В;PR;;;в Риге , _в_ Юрмале у нас;в;;;;;;PR;В;PR;В
1140;;Юрмале;ЮРМАЛА;S f inan loc sg;;;Риге , в _Юрмале_ у нас \;е;л;а;м;р;ю;S;ЮРМАЛА;S f inan loc sg;А
1141;;у;У;PR;;;, в Юрмале _у_ нас \ \;у;;;;;;PR;У;PR;У
1142;;нас;МЫ;SPRO pl 1p - acc;;;в Юрмале у _нас_ \ \ пляж;с;а;н;;;;SPRO;МЫ;SPRO pl 1p - loc;Ы
1143;;\;\;PUNCT;;;;;;;;;;PUNCT;;;
1144;;\;\;PUNCT;;;;;;;;;;PUNCT;;;
1145;;пляж;ПЛЯЖ;S m inan nom sg;;;нас \ \ _пляж_ хороший , и;ж;я;л;п;;;S;ПЛЯЖ;S m inan nom sg;Ж
1146;;хороший;ХОРОШИЙ;A - nom sg plen m -;;;\ \ пляж _хороший_ , и море;й;и;ш;о;р;о;A;ХОРОШИЙ;A - nom sg plen m -;Й
1147;;,;,;PUNCT;;;;;;;;;;PUNCT;;;
1148;;и;И;CONJ;;;пляж хороший , _и_ море хорошее ,;и;;;;;;CONJ;И;CONJ;И
1149;;море;МОРЕ;S n inan nom sg;;;хороший , и _море_ хорошее , песочек;е;р;о;м;;;S;МОРЕ;S n inan nom sg;Е
1150;;хорошее;ХОРОШИЙ;A - nom sg plen n -;;;, и море _хорошее_ , песочек входишь;е;е;ш;о;р;о;A;ХОРОШИЙ;A - nom sg plen n -;Й
1151;;,;,;PUNCT;;;;;;;;;;PUNCT;;;
1152;;песочек;ПЕСОЧЕК;S m inan nom sg;;;море хорошее , _песочек_ входишь , а;к;е;ч;о;с;е;S;ПЕСОЧЕК;S m inan nom sg;К
1153;;входишь;ВХОДИТЬ;V ipf praes sg indic - 2p;;;хорошее , песочек _входишь_ , а в;ь;ш;и;д;о;х;V;ВХОДИТЬ;V ipf praes sg indic - 2p;Ь
1154;;,;,;PUNCT;;;;;;;;;;PUNCT;;;
1155;;а;А;CONJ;;;песочек входишь , _а_ в Саукрасте там;а;;;;;;CONJ;А;CONJ;А
1156;;в;В;PR;;;входишь , а _в_ Саукрасте там уже;в;;;;;;PR;В;PR;В
1157;;Саукрасте;САУКРАСТЕ;S 0 inan loc sg;;;, а в _Саукрасте_ там уже другой;е;т;с;а;р;к;S;САУКРАСТ;S m inan gen sg;Т
1158;;там;ТАМ;ADVPRO;;;а в Саукрасте _там_ уже другой песок;м;а;т;;;;ADV;ТАМ;ADV -;М
1159;;уже;УЖЕ;ADV -;;;в Саукрасте там _уже_ другой песок вот;е;ж;у;;;;ADV;УЖЕ;ADV -;Е
1160;;другой;ДРУГОЙ;A - nom sg plen m -;;;Саукрасте там уже _другой_ песок вот ;й;о;г;у;р;д;A;ДРУГОЙ;A - nom sg plen m -;Й
1161;;песок;ПЕСОК;S m inan nom sg;;;там уже другой _песок_ вот  ;к;о;с;е;п;;S;ПЕСОК;S m inan nom sg;К
1162;;вот;ВОТ;PART;;;уже другой песок _вот_   ;т;о;в;;;;PART;ВОТ;PART;Т
1163;;;;;;;;;;;;;;;;;
1164;# sent = 80;;;;;;;;;;;;;;;;
1165;# speaker = Аня;;;;;;;;;;;;;;;;
1166;# sent = 81;;;;;;;;;;;;;;;;
1167;;Подожди;ПОДОЖДАТЬ;V pf - sg imper - 2p;;;   _Подожди_ , а Саукрасте;и;д;ж;о;д;о;V;ПОДОЖДАТЬ;V pf - sg imper - 2p;Ь
1168;;,;,;PUNCT;;;;;;;;;;PUNCT;;;
1169;;а;А;CONJ;;; Подожди , _а_ Саукрасте это где;а;;;;;;CONJ;А;CONJ;А
1170;;Саукрасте;САУКРАСТЕ;S 0 inan nom sg;;;Подожди , а _Саукрасте_ это где ?;е;т;с;а;р;к;S;САУКРАСТ;S m inan loc sg;Т
1171;;это;ЭТО;SPRO sg 3 n nom;;;, а Саукрасте _это_ где ? ;о;т;э;;;;PART;ЭТО;S n - nom sg;О
1172;;где;ГДЕ;ADVPRO;;;а Саукрасте это _где_ ?  ;е;д;г;;;;ADV;ГДЕ;ADV -;Е
1173;;?;?;PUNCT;;;;;;;;;;PUNCT;;;
1174;;;;;;;;;;;;;;;;;
1175;# sent = 82;;;;;;;;;;;;;;;;
1176;# speaker = Галина;;;;;;;;;;;;;;;;
1177;# sent = 83;;;;;;;;;;;;;;;;
1178;;А;А;CONJ;;;   _А_ Саукрасте это за;а;;;;;;CONJ;А;CONJ;А
1179;;Саукрасте;САУКРАСТЕ;S 0 inan nom sg;;;  А _Саукрасте_ это за Ригой;е;т;с;а;р;к;S;САУКРАСТ;S m anim nom sg;Т
1180;;это;ЭТО;SPRO sg 3 n nom;;; А Саукрасте _это_ за Ригой в;о;т;э;;;;PART;ЭТО;S n - nom sg;О
1181;;за;ЗА;PR;;;А Саукрасте это _за_ Ригой в другую;а;з;;;;;PR;ЗА;PR;А
1182;;Ригой;РИГА;S f inan ins sg;;;Саукрасте это за _Ригой_ в другую сторону;й;о;г;и;р;;S;РИГА;S f inan ins sg;А
1183;;в;В;PR;;;это за Ригой _в_ другую сторону .;в;;;;;;PR;В;PR;В
1184;;другую;ДРУГОЙ;A - acc sg plen f -;;;за Ригой в _другую_ сторону . ;ю;у;г;у;р;д;A;ДРУГОЙ;A - acc sg plen f -;Й
1185;;сторону;СТОРОНА;S f inan acc sg;;;Ригой в другую _сторону_ .  ;у;н;о;р;о;т;S;СТОРОНА;S f inan acc sg;А
1186;;.;.;PUNCT;;;;;;;;;;PUNCT;;;
1187;;;;;;;;;;;;;;;;;
1188;# sent = 84;;;;;;;;;;;;;;;;
1189;;Вот;ВОТ;PART;;;.   _Вот_ помнишь мы ездили;т;о;в;;;;PART;ВОТ;PART;Т
1190;;помнишь;ПОМНИТЬ;V ipf praes sg indic - 2p;;;  Вот _помнишь_ мы ездили там;ь;ш;и;н;м;о;V;ПОМНИТЬ;V ipf praes sg indic - 2p;Ь
1191;;мы;МЫ;SPRO pl 1p - nom;;; Вот помнишь _мы_ ездили там рыбный;ы;м;;;;;SPRO;МЫ;SPRO pl 1p - nom;Ы
1192;;ездили;ЕЗДИТЬ;V ipf praet pl indic - -;;;Вот помнишь мы _ездили_ там рыбный ресторан;и;л;и;д;з;е;V;ЕЗДИТЬ;V ipf praet pl indic - -;Ь
1193;;там;ТАМ;ADVPRO;;;помнишь мы ездили _там_ рыбный ресторан ?;м;а;т;;;;ADV;ТАМ;ADV -;М
1194;;рыбный;РЫБНЫЙ;A - acc sg plen m inan;;;мы ездили там _рыбный_ ресторан ? ;й;ы;н;б;ы;р;A;РЫБНЫЙ;A - acc sg plen m inan;Й
1195;;ресторан;РЕСТОРАН;S m inan acc sg;;;ездили там рыбный _ресторан_ ?  ;н;а;р;о;т;с;S;РЕСТОРАН;S m inan acc sg;Н
1196;;?;?;PUNCT;;;;;;;;;;PUNCT;;;
1197;;;;;;;;;;;;;;;;;
1198;# sent = 85;;;;;;;;;;;;;;;;
1199;# speaker = Аня;;;;;;;;;;;;;;;;
1200;# sent = 86;;;;;;;;;;;;;;;;
1201;;Угу;УГУ;INTJ;;;   _Угу_   ;у;г;у;;;;INTJ;УГУ;INTJ;У
1202;;;;;;;;;;;;;;;;;
1203;# sent = 87;;;;;;;;;;;;;;;;
1204;# speaker = Галина;;;;;;;;;;;;;;;;
1205;# sent = 88;;;;;;;;;;;;;;;;
1206;;Прям;ПРЯМО;ADV - ;;;   _Прям_ на берегу моря;м;я;р;п;;;A;ПРЯМОЙ;A - - sg brev m -;Й
1207;;на;НА;PR;;;  Прям _на_ берегу моря ;а;н;;;;;PR;НА;PR;А
1208;;берегу;БЕРЕГ;S m inan loc2 sg;;; Прям на _берегу_ моря  ;у;г;е;р;е;б;S;БЕРЕГ;S m inan loc2 sg;Г
1209;;моря;МОРЕ;S n inan gen sg;;;Прям на берегу _моря_   ;я;р;о;м;;;S;МОРЕ;S n inan gen sg;Е
1210;;;;;;;;;;;;;;;;;
1211;# sent = 89;;;;;;;;;;;;;;;;
1212;# speaker = Аня;;;;;;;;;;;;;;;;
1213;# sent = 90;;;;;;;;;;;;;;;;
1214;;Угу;УГУ;INTJ;;;   _Угу_   ;у;г;у;;;;INTJ;УГУ;INTJ;У
1215;;;;;;;;;;;;;;;;;
1216;# sent = 91;;;;;;;;;;;;;;;;
1217;# speaker = Галина;;;;;;;;;;;;;;;;
1218;# sent = 92;;;;;;;;;;;;;;;;
1219;;И;И;CONJ;;;   _И_ ходили мы там;и;;;;;;CONJ;И;CONJ;И
1220;;ходили;ХОДИТЬ;V ipf praet pl indic - -;;;  И _ходили_ мы там в;и;л;и;д;о;х;V;ХОДИТЬ;V ipf praet pl indic - -;Ь
1221;;мы;МЫ;SPRO pl 1p - nom;;; И ходили _мы_ там в музей;ы;м;;;;;SPRO;МЫ;SPRO pl 1p - nom;Ы
1222;;там;ТАМ;ADVPRO;;;И ходили мы _там_ в музей \;м;а;т;;;;ADV;ТАМ;ADV -;М
1223;;в;В;PR;;;ходили мы там _в_ музей \ \;в;;;;;;PR;В;PR;В
1224;;музей;МУЗЕЙ;S m inan acc sg;;;мы там в _музей_ \ \ вспомни;й;е;з;у;м;;S;МУЗЕЙ;S m inan acc sg;Й
1225;;\;\;PUNCT;;;;;;;;;;PUNCT;;;
1226;;\;\;PUNCT;;;;;;;;;;PUNCT;;;
1227;;вспомни;ВСПОМНИТЬ;V pf - sg imper - 2p;;;музей \ \ _вспомни_ , как называется;и;н;м;о;п;с;V;ВСПОМНИТЬ;V pf - sg imper - 2p;Ь
1228;;,;,;PUNCT;;;;;;;;;;PUNCT;;;
1229;;как;КАК;ADV -;;;\ вспомни , _как_ называется музей ,;к;а;к;;;;CONJ;КАК;CONJ;К
1230;;называется;НАЗЫВАТЬСЯ;V ipf praes sg indic - 3p;;;вспомни , как _называется_ музей , сейчас;я;с;т;е;а;в;V;НАЗЫВАТЬСЯ;V ipf praes sg indic - 3p;Я
1231;;музей;МУЗЕЙ;S m inan nom sg;;;, как называется _музей_ , сейчас скажу;й;е;з;у;м;;S;МУЗЕЙ;S m inan nom sg;Й
1232;;,;,;PUNCT;;;;;;;;;;PUNCT;;;
1233;;сейчас;СЕЙЧАС;ADV -;;;называется музей , _сейчас_ скажу , вот;с;а;ч;й;е;с;ADV;СЕЙЧАС;ADV -;С
1234;;скажу;СКАЗАТЬ;V pf fut sg indic - 1p;;;музей , сейчас _скажу_ , вот забыла;у;ж;а;к;с;;V;СКАЗАТЬ;V pf fut sg indic - 1p;Ь
1235;;,;,;PUNCT;;;;;;;;;;PUNCT;;;
1236;;вот;ВОТ;PART;;;сейчас скажу , _вот_ забыла как называется;т;о;в;;;;PART;ВОТ;PART;Т
1237;;забыла;ЗАБЫТЬ;V pf praet sg indic f -;;;скажу , вот _забыла_ как называется музей;а;л;ы;б;а;з;V;ЗАБЫТЬ;V pf praet sg indic f -;Ь
1238;;как;КАК;ADV -;;;, вот забыла _как_ называется музей ;к;а;к;;;;CONJ;КАК;CONJ;К
1239;;называется;НАЗЫВАТЬСЯ;V ipf praes sg indic - 3p;;;вот забыла как _называется_ музей  ;я;с;т;е;а;в;V;НАЗЫВАТЬСЯ;V ipf praes sg indic - 3p;Я
1240;;музей;МУЗЕЙ;S m inan nom sg;;;забыла как называется _музей_   ;й;е;з;у;м;;S;МУЗЕЙ;S m inan nom sg;Й
1241;;;;;;;;;;;;;;;;;
1242;# sent = 93;;;;;;;;;;;;;;;;
1243;# speaker = Аня;;;;;;;;;;;;;;;;
1244;# sent = 94;;;;;;;;;;;;;;;;
1245;;Я;Я;SPRO sg 1p - nom;;;   _Я_ тоже не помню;я;;;;;;SPRO;Я;SPRO sg 1p - nom;Я
1246;;тоже;ТОЖЕ;ADV -;;;  Я _тоже_ не помню ;е;ж;о;т;;;PART;ТОЖЕ;PART;Е
1247;;не;НЕ;PART;;; Я тоже _не_ помню  ;е;н;;;;;PART;НЕ;PART;Е
1248;;помню;ПОМНИТЬ;V ipf praes sg indic - 1p;;;Я тоже не _помню_   ;ю;н;м;о;п;;V;ПОМНИТЬ;V ipf praes sg indic - 1p;Ь
1249;;;;;;;;;;;;;;;;;
1250;# sent = 95;;;;;;;;;;;;;;;;
1251;# speaker = Галина;;;;;;;;;;;;;;;;
1252;# sent = 96;;;;;;;;;;;;;;;;
1253;"<distinct form=""";;;;;;;;;;;;;;;;
1254;<dist>;ммху;;;;;;;;;;;;;;;
1255;""">";;;;;;;;;;;;;;;;
1256;;угу;УГУ;INTJ;;; ммху  _угу_  , Мюнхгаузен;у;г;у;;;;INTJ;УГУ;INTJ;У
1257;</distinct>;;;;;;;;;;;;;;;;
1258;;,;,;PUNCT;;;;;;;;;;PUNCT;;;
1259;;Мюнхгаузен;МЮНХГАУЗЕН;S m anim nom sg famn;;;угу  , _Мюнхгаузен_ , нет ,;н;е;з;у;а;г;A;МЮНХГАУЗНЫЙ;A - - sg brev m -;Й
1260;;,;,;PUNCT;;;;;;;;;;PUNCT;;;
1261;;нет;НЕТ;PART;;;, Мюнхгаузен , _нет_ , как ;т;е;н;;;;PART;НЕТ;PART;Т
1262;;,;,;PUNCT;;;;;;;;;;PUNCT;;;
1263;;как;КАК;ADV -;;;, нет , _как_   ;к;а;к;;;;CONJ;КАК;CONJ;К
1264;;;;;;;;;;;;;;;;;
1265;# sent = 97;;;;;;;;;;;;;;;;
1266;# speaker = Аня;;;;;;;;;;;;;;;;
1267;# sent = 98;;;;;;;;;;;;;;;;
1268;;А;А;CONJ;;;   _А_ возможно , да;а;;;;;;CONJ;А;CONJ;А
1269;;возможно;ВОЗМОЖНО;ADV -;;;  А _возможно_ , да ,;о;н;ж;о;м;з;ADV;ВОЗМОЖНО;ADV -;О
1270;;,;,;PUNCT;;;;;;;;;;PUNCT;;;
1271;;да;ДА;PART;;;А возможно , _да_ ,  ммузей;а;д;;;;;PART;ДА;PART;А
1272;;,;,;PUNCT;;;;;;;;;;PUNCT;;;
1273;"<distinct form=""";;;;;;;;;;;;;;;;
1274;<dist>;ммузей;;;;;;;;;;;;;;;
1275;""">";;;;;;;;;;;;;;;;
1276;;музей;МУЗЕЙ;S m inan nom sg;;; ммузей  _музей_  Мюнхгаузена ;й;е;з;у;м;;S;МУЗЕЙ;S m inan nom sg;Й
1277;</distinct>;;;;;;;;;;;;;;;;
1278;;Мюнхгаузена;МЮНХГАУЗЕН;S m anim gen sg famn;;; музей  _Мюнхгаузена_   ;а;н;е;з;у;а;S;МЮНХГАУЗЕН;S m anim gen sg;Н
1279;;;;;;;;;;;;;;;;;
1280;# sent = 99;;;;;;;;;;;;;;;;
1281;# speaker = Галина;;;;;;;;;;;;;;;;
1282;# sent = 100;;;;;;;;;;;;;;;;
1283;;Да;ДА;PART;;;   _Да_ , музей ;а;д;;;;;PART;ДА;PART;А
1284;;,;,;PUNCT;;;;;;;;;;PUNCT;;;
1285;;музей;МУЗЕЙ;S m inan nom sg;;; Да , _музей_  Мюнхаузэна ;й;е;з;у;м;;S;МУЗЕЙ;S m inan nom sg;Й
1286;"<distinct form=""";;;;;;;;;;;;;;;;
1287;<dist>;Мюнхаузэна;;;;;;;;;;;;;;;
1288;""">";;;;;;;;;;;;;;;;
1289;;Мюнхгаузена;МЮНХГАУЗЕН;S m anim gen sg famn;;; Мюнхаузэна  _Мюнхгаузена_  , да;а;н;е;з;у;а;S;МЮНХГАУЗЕН;S m anim gen sg;Н
1290;</distinct>;;;;;;;;;;;;;;;;
1291;;,;,;PUNCT;;;;;;;;;;PUNCT;;;
1292;;да;ДА;PART;;;Мюнхгаузена  , _да_ .  ;а;д;;;;;PART;ДА;PART;А
1293;;.;.;PUNCT;;;;;;;;;;PUNCT;;;
1294;;;;;;;;;;;;;;;;;
1295;# sent = 101;;;;;;;;;;;;;;;;
1296;;Там;ТАМ;ADVPRO;;;.   _Там_ экспонатов то очень;м;а;т;;;;ADV;ТАМ;ADV -;М
1297;;экспонатов;ЭКСПОНАТ;S m inan gen pl;;;  Там _экспонатов_ то очень мало;в;о;т;а;н;о;S;ЭКСПОНАТ;S m inan gen pl;Т
1298;;то;ТО;PART;;; Там экспонатов _то_ очень мало ,;о;т;;;;;PART;ТО;CONJ;О
1299;;очень;ОЧЕНЬ;ADV -;;;Там экспонатов то _очень_ мало , ;ь;н;е;ч;о;;ADV;ОЧЕНЬ;ADV -;Ь
1300;;мало;МАЛО;ADV -;;;экспонатов то очень _мало_ ,  нуу;о;л;а;м;;;ADV;МАЛО;ADV -;О
1301;;,;,;PUNCT;;;;;;;;;;PUNCT;;;
1302;"<distinct form=""";;;;;;;;;;;;;;;;
1303;<dist>;нуу;;;;;;;;;;;;;;;
1304;""">";;;;;;;;;;;;;;;;
1305;;ну;НУ;PART;;; нуу  _ну_  тем не менее там;у;н;;;;;PART;НУ;PART;У
1306;</distinct>;;;;;;;;;;;;;;;;
1307;;тем не менее;тем не менее;PARENTH;;; ну  _тем не менее_ там и иностранцы;е;е;н;е;м; ;PARENTH;тем не менее;ADV -;е
1308;;там;ТАМ;ADVPRO;;;ну  тем не менее _там_ и иностранцы приезжают;м;а;т;;;;ADV;ТАМ;ADV -;М
1309;;и;И;CONJ;;; тем не менее там _и_ иностранцы приезжают и;и;;;;;;CONJ;И;CONJ;И
1310;;иностранцы;ИНОСТРАНЕЦ;S m anim nom pl;;;тем не менее там и _иностранцы_ приезжают и ,;ы;ц;н;а;р;т;S;ИНОСТРАНЕЦ;S m anim nom pl;Ц
1311;;приезжают;ПРИЕЗЖАТЬ;V ipf praes pl indic - 3p;;;там и иностранцы _приезжают_ и , ;т;ю;а;ж;з;е;V;ПРИЕЗЖАТЬ;V ipf praes pl indic - 3p;Ь
1312;;и;И;CONJ;;;и иностранцы приезжают _и_ ,  эт;и;;;;;;CONJ;И;CONJ;И
1313;;,;,;PUNCT;;;;;;;;;;PUNCT;;;
1314;"<distinct form=""";;;;;;;;;;;;;;;;
1315;<dist>;эт;;;;;;;;;;;;;;;
1316;""">";;;;;;;;;;;;;;;;
1317;;это;ЭТО;PART;;; эт  _это_  да .;о;т;э;;;;PART;ЭТО;S n - acc sg;О
1318;</distinct>;;;;;;;;;;;;;;;;
1319;;да;ДА;PART;;; это  _да_ .  ;а;д;;;;;PART;ДА;PART;А
1320;;.;.;PUNCT;;;;;;;;;;PUNCT;;;
1321;;;;;;;;;;;;;;;;;
1322;# sent = 102;;;;;;;;;;;;;;;;
1323;;Ну;НУ;PART;;;.   _Ну_  вощем ;у;н;;;;;PART;НУ;PART;У
1324;"<distinct form=""";;;;;;;;;;;;;;;;
1325;<dist>;вощем;;;;;;;;;;;;;;;
1326;""">";;;;;;;;;;;;;;;;
1327;;в;В;PR;;; вощем  _в_ общем  я;в;;;;;;PR;В;PR;В
1328;;общем;ОБЩИЙ;A - loc sg plen m -;;;вощем  в _общем_  я хочу;м;е;щ;б;о;;A;ОБЩИЙ;A - loc sg plen m -;Й
1329;</distinct>;;;;;;;;;;;;;;;;
1330;;я;Я;SPRO sg 1p - nom;;;в общем  _я_ хочу сказать ,;я;;;;;;SPRO;Я;SPRO sg 1p - nom;Я
1331;;хочу;ХОТЕТЬ;V ipf praes sg indic - 1p;;;общем  я _хочу_ сказать , \;у;ч;о;х;;;V;ХОТЕТЬ;V ipf praes sg indic - 1p;Ь
1332;;сказать;СКАЗАТЬ;V pf - - inf - -;;; я хочу _сказать_ , \ \;ь;т;а;з;а;к;V;СКАЗАТЬ;V pf - - inf - -;Ь
1333;;,;,;PUNCT;;;;;;;;;;PUNCT;;;
1334;;\;\;PUNCT;;;;;;;;;;PUNCT;;;
1335;;\;\;PUNCT;;;;;;;;;;PUNCT;;;
1336;;я;Я;SPRO sg 1p - nom;;;, \ \ _я_ тёте Люде много;я;;;;;;SPRO;Я;SPRO sg 1p - nom;Я
1337;;тёте;ТЕТЯ;S f anim dat sg;;;\ \ я _тёте_ Люде много рассказывала;е;т;ё;т;;;S;ТЕТЯ;S f anim dat sg;Я
1338;;Люде;ЛЮДА;S f anim dat sg pers;;;\ я тёте _Люде_ много рассказывала ,;е;д;ю;л;;;S;ЛЮДА;S f anim dat sg;А
1339;;много;МНОГО;ADV -;;;я тёте Люде _много_ рассказывала , как;о;г;о;н;м;;ADV;МНОГО;ADV -;О
1340;;рассказывала;РАССКАЗЫВАТЬ;V ipf praet sg indic f -;;;тёте Люде много _рассказывала_ , как мы;а;л;а;в;ы;з;V;РАССКАЗЫВАТЬ;V ipf praet sg indic f -;Ь
1341;;,;,;PUNCT;;;;;;;;;;PUNCT;;;
1342;;как;КАК;ADV -;;;много рассказывала , _как_ мы отдохнули в;к;а;к;;;;CONJ;КАК;CONJ;К
1343;;мы;МЫ;SPRO pl 1p - nom;;;рассказывала , как _мы_ отдохнули в этом;ы;м;;;;;SPRO;МЫ;SPRO pl 1p - nom;Ы
1344;;отдохнули;ОТДОХНУТЬ;V pf praet pl indic - -;;;, как мы _отдохнули_ в этом году;и;л;у;н;х;о;V;ОТДОХНУТЬ;V pf praet pl indic - -;Ь
1345;;в;В;PR;;;как мы отдохнули _в_ этом году .;в;;;;;;PR;В;PR;В
1346;;этом;ЭТОТ;APRO - loc sg plen m inan;;;мы отдохнули в _этом_ году . ;м;о;т;э;;;APRO;ЭТОТ;A - loc sg plen m -;Т
1347;;году;ГОД;S m inan loc2 sg;;;отдохнули в этом _году_ .  ;у;д;о;г;;;S;ГОД;S m inan loc2 sg;Д
1348;;.;.;PUNCT;;;;;;;;;;PUNCT;;;
1349;;;;;;;;;;;;;;;;;
1350;# sent = 103;;;;;;;;;;;;;;;;
1351;;\;\;PUNCT;;;;;;;;;;PUNCT;;;
1352;;\;\;PUNCT;;;;;;;;;;PUNCT;;;
1353;"<distinct form=""";;;;;;;;;;;;;;;;
1354;<dist>;воот;;;;;;;;;;;;;;;
1355;""">";;;;;;;;;;;;;;;;
1356;;вот;ВОТ;PART;;; воот  _вот_  . ;т;о;в;;;;PART;ВОТ;PART;Т
1357;</distinct>;;;;;;;;;;;;;;;;
1358;;.;.;PUNCT;;;;;;;;;;PUNCT;;;
1359;;;;;;;;;;;;;;;;;
1360;# sent = 104;;;;;;;;;;;;;;;;
1361;;И;И;CONJ;;;.   _И_ она сказала ,;и;;;;;;CONJ;И;CONJ;И
1362;;она;ОНА;SPRO sg 3p f nom;;;  И _она_ сказала , у;а;н;о;;;;SPRO;ОНА;SPRO sg 3p f nom;А
1363;;сказала;СКАЗАТЬ;V pf praet sg indic f -;;; И она _сказала_ , у меня;а;л;а;з;а;к;V;СКАЗАТЬ;V pf praet sg indic f -;Ь
1364;;,;,;PUNCT;;;;;;;;;;PUNCT;;;
1365;;у;У;PR;;;она сказала , _у_ меня виза сейчас;у;;;;;;PR;У;PR;У
1366;;меня;Я;SPRO sg 1p - acc;;;сказала , у _меня_ виза сейчас я;я;н;е;м;;;SPRO;Я;SPRO sg 1p - acc;Я
1367;;виза;ВИЗА;S f inan nom sg;;;, у меня _виза_ сейчас я получила;а;з;и;в;;;S;ВИЗА;S f inan nom sg;А
1368;;сейчас;СЕЙЧАС;ADV -;;;у меня виза _сейчас_ я получила на;с;а;ч;й;е;с;ADV;СЕЙЧАС;ADV -;С
1369;;я;Я;SPRO sg 1p - nom;;;меня виза сейчас _я_ получила на пять;я;;;;;;SPRO;Я;SPRO sg 1p - nom;Я
1370;;получила;ПОЛУЧИТЬ;V pf praet sg indic f -;;;виза сейчас я _получила_ на пять лет;а;л;и;ч;у;л;V;ПОЛУЧИТЬ;V pf praet sg indic f -;Ь
1371;;на;НА;PR;;;сейчас я получила _на_ пять лет .;а;н;;;;;PR;НА;PR;А
1372;;пять;ПЯТЬ;NUM acc - -;;;я получила на _пять_ лет . ;ь;т;я;п;;;NUM;ПЯТЬ;NUM acc - -;Ь
1373;;лет;ГОД;S m inan gen pl;;;получила на пять _лет_ .  ;т;е;л;;;;S;ГОД;S m inan gen pl;Д
1374;;.;.;PUNCT;;;;;;;;;;PUNCT;;;
1375;;;;;;;;;;;;;;;;;
1376;# sent = 105;;;;;;;;;;;;;;;;
1377;;Так что;Так что;CONJ;не уверена;;.   _Так что_ на  следущий;о;т;ч; ;к;а;CONJ;Так что;CONJ;о
1378;;на;НА;PR;;;  Так что _на_  следущий ;а;н;;;;;PR;НА;PR;А
1379;"<distinct form=""";;;;;;;;;;;;;;;;
1380;<dist>;следущий;;;;;;;;;;;;;;;
1381;""">";;;;;;;;;;;;;;;;
1382;;следующий;СЛЕДУЮЩИЙ;A - acc sg plen m inan;;; следущий  _следующий_  год я;й;и;щ;ю;у;д;A;СЛЕДУЮЩИЙ;A - acc sg plen m inan;Й
1383;</distinct>;;;;;;;;;;;;;;;;
1384;;год;ГОД;S m inan acc sg;;; следующий  _год_ я тоже подъеду;д;о;г;;;;S;ГОД;S m inan acc sg;Д
1385;;я;Я;SPRO sg 1p - nom;;;следующий  год _я_ тоже подъеду ;я;;;;;;SPRO;Я;SPRO sg 1p - nom;Я
1386;;тоже;ТОЖЕ;ADV -;;; год я _тоже_ подъеду  ;е;ж;о;т;;;PART;ТОЖЕ;PART;Е
1387;;подъеду;ПОДЪЕХАТЬ;V pf fut sg indic - 1p;;;год я тоже _подъеду_   ;у;д;е;ъ;д;о;V;ПОДЪЕХАТЬ;V pf fut sg indic - 1p;Ь
1388;;;;;;;;;;;;;;;;;
1389;# sent = 106;;;;;;;;;;;;;;;;
1390;# speaker = Аня;;;;;;;;;;;;;;;;
1391;# sent = 107;;;;;;;;;;;;;;;;
1392;;В;В;PR;;;   _В_ Латвию имеется в виду;в;;;;;;PR;В;PR;В
1393;;Латвию;ЛАТВИЯ;S f inan acc sg;;;  В _Латвию_ имеется в виду ?;ю;и;в;т;а;л;S;ЛАТВИЯ;S f inan acc sg;Я
1394;;имеется;ИМЕТЬСЯ;V ipf praes sg indic - 3p;;; В Латвию _имеется_ в виду ? ;я;с;т;е;е;м;V;ИМЕТЬСЯ;V ipf praes sg indic - 3p;Я
1395;;в виду;в виду;ADV -;;;В Латвию имеется _в виду_ ?  ;у;д;и;в; ;в;ADV;в виду;ADV -;у
1396;;?;?;PUNCT;;;;;;;;;;PUNCT;;;
1397;;;;;;;;;;;;;;;;;
1398;# sent = 108;;;;;;;;;;;;;;;;
1399;# speaker = Галина;;;;;;;;;;;;;;;;
1400;# sent = 109;;;;;;;;;;;;;;;;
1401;"<distinct form=""";;;;;;;;;;;;;;;;
1402;<dist>;во;;;;;;;;;;;;;;;
1403;""">";;;;;;;;;;;;;;;;
1404;;в;В;PR;;; во  _в_  Юрмалу ,;в;;;;;;PR;В;PR;В
1405;</distinct>;;;;;;;;;;;;;;;;
1406;;Юрмалу;ЮРМАЛА;S f inan acc sg;;; в  _Юрмалу_ , да .;у;л;а;м;р;ю;S;ЮРМАЛА;S f inan acc sg;А
1407;;,;,;PUNCT;;;;;;;;;;PUNCT;;;
1408;;да;ДА;PART;;; Юрмалу , _да_ .  ;а;д;;;;;PART;ДА;PART;А
1409;;.;.;PUNCT;;;;;;;;;;PUNCT;;;
1410;;;;;;;;;;;;;;;;;
1411;# sent = 110;;;;;;;;;;;;;;;;
1412;;И;И;CONJ;;;.   _И_ самое главное что;и;;;;;;CONJ;И;CONJ;И
1413;;самое;САМЫЙ;A - nom sg plen n -;;;  И _самое_ главное что и;е;о;м;а;с;;A;САМЫЙ;A - nom sg plen n -;Й
1414;;главное;ГЛАВНОЕ;S n inan nom sg;;; И самое _главное_ что и тётя;е;о;н;в;а;л;S;ГЛАВНОЕ;S n inan nom sg;Е
1415;;что;ЧТО;CONJ;;;И самое главное _что_ и тётя Таня;о;т;ч;;;;CONJ;ЧТО;CONJ;О
1416;;и;И;CONJ;;;самое главное что _и_ тётя Таня Рыбинская;и;;;;;;CONJ;И;CONJ;И
1417;;тётя;ТЕТЯ;S f anim nom sg;;;главное что и _тётя_ Таня Рыбинская ,;я;т;ё;т;;;S;ТЕТЯ;S f anim nom sg;Я
1418;;Таня;ТАНЯ;S f anim nom sg pers;;;что и тётя _Таня_ Рыбинская , ;я;н;а;т;;;S;ТАНЯ;S f anim nom sg;Я
1419;;Рыбинская;РЫБИНСКИЙ;A - nom sg plen f - famn;;;и тётя Таня _Рыбинская_ ,  прям;я;а;к;с;н;и;A;РЫБИНСКИЙ;A - nom sg plen f -;Й
1420;;,;,;PUNCT;;;;;;;;;;PUNCT;;;
1421;"<distinct form=""";;;;;;;;;;;;;;;;
1422;<dist>;прям;;;;;;;;;;;;;;;
1423;""">";;;;;;;;;;;;;;;;
1424;;прямо;ПРЯМО;ADV -;;; прям  _прямо_  мечтает ,;о;м;я;р;п;;ADV;ПРЯМО;ADV -;О
1425;</distinct>;;;;;;;;;;;;;;;;
1426;;мечтает;МЕЧТАТЬ;V ipf praes sg indic - 3p;;; прямо  _мечтает_ , тоже подъехать;т;е;а;т;ч;е;V;МЕЧТАТЬ;V ipf praes sg indic - 3p;Ь
1427;;,;,;PUNCT;;;;;;;;;;PUNCT;;;
1428;;тоже;ТОЖЕ;ADV -;;; мечтает , _тоже_ подъехать , так что;е;ж;о;т;;;PART;ТОЖЕ;PART;Е
1429;;подъехать;ПОДЪЕХАТЬ;V pf - - inf - -;;;мечтает , тоже _подъехать_ , так что на;ь;т;а;х;е;ъ;V;ПОДЪЕХАТЬ;V pf - - inf - -;Ь
1430;;,;,;PUNCT;;;;;;;;;;PUNCT;;;
1431;;так что;так что;CONJ;;;тоже подъехать , _так что_ на следующий год;о;т;ч; ;к;а;CONJ;так что;CONJ;о
1432;;на;НА;PR;;;подъехать , так что _на_ следующий год ,;а;н;;;;;PR;НА;PR;А
1433;;следующий;СЛЕДУЮЩИЙ;A - acc sg plen m inan;;;, так что на _следующий_ год , может;й;и;щ;ю;у;д;A;СЛЕДУЮЩИЙ;A - acc sg plen m inan;Й
1434;;год;ГОД;S m inan acc sg;;;так что на следующий _год_ , может ,;д;о;г;;;;S;ГОД;S m inan acc sg;Д
1435;;,;,;PUNCT;;;;;;;;;;PUNCT;;;
1436;;может;МОЧЬ;PARENTH;;;следующий год , _может_ ,  есси;т;е;ж;о;м;;V;МОЧЬ;V ipf praes sg indic - 3p;Ь
1437;;,;,;PUNCT;;;;;;;;;;PUNCT;;;
1438;"<distinct form=""";;;;;;;;;;;;;;;;
1439;<dist>;есси;;;;;;;;;;;;;;;
1440;""">";;;;;;;;;;;;;;;;
1441;;если;ЕСЛИ;CONJ;;; есси  _если_  живы будем;и;л;с;е;;;CONJ;ЕСЛИ;CONJ;И
1442;</distinct>;;;;;;;;;;;;;;;;
1443;;живы;ЖИВОЙ;A - - pl brev - -;;; если  _живы_ будем , будет;ы;в;и;ж;;;A;ЖИВОЙ;A - - pl brev - -;Й
1444;;будем;БЫТЬ;V ipf - pl fut - 1p;;;если  живы _будем_ , будет вот;м;е;д;у;б;;V;БЫТЬ;V ipf - pl imper - 1p;Ь
1445;;,;,;PUNCT;;;;;;;;;;PUNCT;;;
1446;;будет;БЫТЬ;V ipf fut sg indic - 3p;;;живы будем , _будет_ вот такая у;т;е;д;у;б;;V;БЫТЬ;V ipf praes sg indic - 3p;Ь
1447;;вот;ВОТ;PART;;;будем , будет _вот_ такая у нас;т;о;в;;;;PART;ВОТ;PART;Т
1448;;такая;ТАКОЙ;APRO - nom sg plen f inan;;;, будет вот _такая_ у нас компания;я;а;к;а;т;;APRO;ТАКОЙ;A - nom sg plen f -;Й
1449;;у;У;PR;;;будет вот такая _у_ нас компания .;у;;;;;;PR;У;PR;У
1450;;нас;МЫ;SPRO pl 1p - acc;;;вот такая у _нас_ компания . ;с;а;н;;;;SPRO;МЫ;SPRO pl 1p - loc;Ы
1451;;компания;КОМПАНИЯ;S f inan nom sg;;;такая у нас _компания_ .  ;я;и;н;а;п;м;S;КОМПАНИЯ;S f inan nom sg;Я
1452;;.;.;PUNCT;;;;;;;;;;PUNCT;;;
1453;;;;;;;;;;;;;;;;;
1454;# sent = 111;;;;;;;;;;;;;;;;
1455;"<distinct form=""";;;;;;;;;;;;;;;;
1456;<dist>;нвот;;;;;;;;;;;;;;;
1457;""">";;;;;;;;;;;;;;;;
1458;;ну;НУ;PART;;; нвот  _ну_ вот  .;у;н;;;;;PART;НУ;PART;У
1459;;вот;ВОТ;PART;;;нвот  ну _вот_  . ;т;о;в;;;;PART;ВОТ;PART;Т
1460;</distinct>;;;;;;;;;;;;;;;;
1461;;.;.;PUNCT;;;;;;;;;;PUNCT;;;
1462;;;;;;;;;;;;;;;;;
1463;# sent = 112;;;;;;;;;;;;;;;;
1464;;Ну;НУ;PART;;;.   _Ну_ вот я не;у;н;;;;;PART;НУ;PART;У
1465;;вот;ВОТ;PART;;;  Ну _вот_ я не знаю;т;о;в;;;;PART;ВОТ;PART;Т
1466;;я;Я;SPRO sg 1p - nom;;; Ну вот _я_ не знаю какой;я;;;;;;SPRO;Я;SPRO sg 1p - nom;Я
1467;;не;НЕ;PART;;;Ну вот я _не_ знаю какой вот;е;н;;;;;PART;НЕ;PART;Е
1468;;знаю;ЗНАТЬ;V ipf praes sg indic - 1p;;;вот я не _знаю_ какой вот график;ю;а;н;з;;;V;ЗНАТЬ;V ipf praes sg indic - 1p;Ь
1469;;какой;КАКОЙ;APRO - nom sg plen m inan;;;я не знаю _какой_ вот график у;й;о;к;а;к;;APRO;КАКОЙ;A - nom sg plen m -;Й
1470;;вот;ВОТ;PART;;;не знаю какой _вот_ график у тебя;т;о;в;;;;PART;ВОТ;PART;Т
1471;;график;ГРАФИК;S m inan nom sg;;;знаю какой вот _график_ у тебя вот;к;и;ф;а;р;г;S;ГРАФИК;S m inan nom sg;К
1472;;у;У;PR;;;какой вот график _у_ тебя вот будет;у;;;;;;PR;У;PR;У
1473;;тебя;ТЫ;SPRO sg 2p - acc;;;вот график у _тебя_ вот будет в;я;б;е;т;;;SPRO;ТЫ;SPRO sg 2p - acc;Ы
1474;;вот;ВОТ;PART;;;график у тебя _вот_ будет в институте;т;о;в;;;;PART;ВОТ;PART;Т
1475;;будет;БЫТЬ;V ipf fut sg indic - 3p;;;у тебя вот _будет_ в институте ,;т;е;д;у;б;;V;БЫТЬ;V ipf praes sg indic - 3p;Ь
1476;;в;В;PR;;;тебя вот будет _в_ институте , когда;в;;;;;;PR;В;PR;В
1477;;институте;ИНСТИТУТ;S m inan loc sg;;;вот будет в _институте_ , когда у;е;т;у;т;и;т;S;ИНСТИТУТ;S m inan loc sg;Т
1478;;,;,;PUNCT;;;;;;;;;;PUNCT;;;
1479;;когда;КОГДА;ADV -;;;в институте , _когда_ у вас экзамены;а;д;г;о;к;;CONJ;КОГДА;CONJ;А
1480;;у;У;PR;;;институте , когда _у_ вас экзамены ,;у;;;;;;PR;У;PR;У
1481;;вас;ВЫ;SPRO pl 2p - acc;;;, когда у _вас_ экзамены , наверно;с;а;в;;;;SPRO;ВЫ;SPRO pl 2p - loc;Ы
1482;;экзамены;ЭКЗАМЕН;S m inan nom pl;;;когда у вас _экзамены_ , наверно к;ы;н;е;м;а;з;S;ЭКЗАМЕН;S m inan acc pl;Н
1483;;,;,;PUNCT;;;;;;;;;;PUNCT;;;
1484;;наверно;НАВЕРНО;PARENTH;;;вас экзамены , _наверно_ к июлю месяцу;о;н;р;е;в;а;ADV;НАВЕРНО;ADV -;О
1485;;к;К;PR;;;экзамены , наверно _к_ июлю месяцу вы;к;;;;;;PR;К;PR;К
1486;;июлю;ИЮЛЬ;S m inan dat sg;;;, наверно к _июлю_ месяцу вы уже;ю;л;ю;и;;;S;ИЮЛЬ;S m inan dat sg;Ь
1487;;месяцу;МЕСЯЦ;S m inan dat sg;;;наверно к июлю _месяцу_ вы уже освободитесь;у;ц;я;с;е;м;S;МЕСЯЦ;S m inan dat sg;Ц
1488;;вы;ВЫ;SPRO pl 2p - nom;;;к июлю месяцу _вы_ уже освободитесь ,;ы;в;;;;;SPRO;ВЫ;SPRO pl 2p - nom;Ы
1489;;уже;УЖЕ;ADV -;;;июлю месяцу вы _уже_ освободитесь , я;е;ж;у;;;;ADV;УЖЕ;ADV -;Е
1490;;освободитесь;ОСВОБОДИТЬСЯ;V pf fut pl indic - 2p;;;месяцу вы уже _освободитесь_ , я думаю;ь;с;е;т;и;д;V;ОСВОБОДИТЬСЯ;V pf fut pl indic - 2p;Я
1491;;,;,;PUNCT;;;;;;;;;;PUNCT;;;
1492;;я;Я;SPRO sg 1p - nom;;;уже освободитесь , _я_ думаю  ;я;;;;;;SPRO;Я;SPRO sg 1p - nom;Я
1493;;думаю;ДУМАТЬ;V ipf praes sg indic - 1p;;;освободитесь , я _думаю_   ;ю;а;м;у;д;;V;ДУМАТЬ;V ipf praes sg indic - 1p;Ь
1494;;;;;;;;;;;;;;;;;
1495;# sent = 113;;;;;;;;;;;;;;;;
1496;# speaker = Аня;;;;;;;;;;;;;;;;
1497;# sent = 114;;;;;;;;;;;;;;;;
1498;;Ну;НУ;PART;;;   _Ну_ да наверно ;у;н;;;;;PART;НУ;PART;У
1499;;да;ДА;PART;;;  Ну _да_ наверно  ;а;д;;;;;PART;ДА;PART;А
1500;;наверно;НАВЕРНО;PARENTH;;; Ну да _наверно_   ;о;н;р;е;в;а;ADV;НАВЕРНО;ADV -;О
1501;;;;;;;;;;;;;;;;;
1502;# sent = 115;;;;;;;;;;;;;;;;
1503;# speaker = Галина;;;;;;;;;;;;;;;;
1504;# sent = 116;;;;;;;;;;;;;;;;
1505;"<distinct form=""";;;;;;;;;;;;;;;;
1506;<dist>;воот;;;;;;;;;;;;;;;
1507;""">";;;;;;;;;;;;;;;;
1508;;вот;ВОТ;PART;;; воот  _вот_  , и;т;о;в;;;;PART;ВОТ;PART;Т
1509;</distinct>;;;;;;;;;;;;;;;;
1510;;,;,;PUNCT;;;;;;;;;;PUNCT;;;
1511;;и;И;CONJ;;;вот  , _и_  тожда ;и;;;;;;CONJ;И;CONJ;И
1512;"<distinct form=""";;;;;;;;;;;;;;;;
1513;<dist>;тожда;;;;;;;;;;;;;;;
1514;""">";;;;;;;;;;;;;;;;
1515;;тогда;ТОГДА;ADV -;;; тожда  _тогда_  у нас;а;д;г;о;т;;ADV;ТОГДА;ADV -;А
1516;</distinct>;;;;;;;;;;;;;;;;
1517;;у;У;PR;;; тогда  _у_ нас  чучуть;у;;;;;;PR;У;PR;У
1518;;нас;МЫ;SPRO pl 1p - acc;;;тогда  у _нас_  чучуть ;с;а;н;;;;SPRO;МЫ;SPRO pl 1p - loc;Ы
1519;"<distinct form=""";;;;;;;;;;;;;;;;
1520;<dist>;чучуть;;;;;;;;;;;;;;;
1521;""">";;;;;;;;;;;;;;;;
1522;;чуть-чуть;ЧУТЬ-ЧУТЬ;ADV -;;; чучуть  _чуть-чуть_  может получиться;ь;т;у;ч;-;ь;ADV;ЧУТЬ-ЧУТЬ;ADV -;Ь
1523;</distinct>;;;;;;;;;;;;;;;;
1524;;может;МОЧЬ;V ipf praes sg indic - 3p;;; чуть-чуть  _может_ получиться побольше чем;т;е;ж;о;м;;V;МОЧЬ;V ipf praes sg indic - 3p;Ь
1525;;получиться;ПОЛУЧИТЬСЯ;V pf - - inf - -;;;чуть-чуть  может _получиться_ побольше чем мы;я;с;ь;т;и;ч;V;ПОЛУЧИТЬСЯ;V pf - - inf - -;Я
1526;;побольше;МНОГО;ADV comp;;; может получиться _побольше_ чем мы отдыхали;е;ш;ь;л;о;б;ADV;МНОГО;ADV comp;О
1527;;чем;ЧЕМ;CONJ;;;может получиться побольше _чем_ мы отдыхали в;м;е;ч;;;;CONJ;ЧЕМ;CONJ;М
1528;;мы;МЫ;SPRO pl 1p - nom;;;получиться побольше чем _мы_ отдыхали в этом;ы;м;;;;;SPRO;МЫ;SPRO pl 1p - nom;Ы
1529;;отдыхали;ОТДЫХАТЬ;V ipf praet pl indic - -;;;побольше чем мы _отдыхали_ в этом году;и;л;а;х;ы;д;V;ОТДЫХАТЬ;V ipf praet pl indic - -;Ь
1530;;в;В;PR;;;чем мы отдыхали _в_ этом году .;в;;;;;;PR;В;PR;В
1531;;этом;ЭТОТ;APRO - loc sg plen m inan;;;мы отдыхали в _этом_ году . ;м;о;т;э;;;APRO;ЭТОТ;A - loc sg plen m -;Т
1532;;году;ГОД;S m inan loc2 sg;;;отдыхали в этом _году_ .  ;у;д;о;г;;;S;ГОД;S m inan loc2 sg;Д
1533;;.;.;PUNCT;;;;;;;;;;PUNCT;;;
1534;;;;;;;;;;;;;;;;;
1535;# sent = 117;;;;;;;;;;;;;;;;
1536;;Н;Н;NONLEX;;;.   _Н_ - вот .;н;;;;;;NONLEX;Н;NONLEX;Н
1537;;-;-;PUNCT;;;;;;;;;;PUNCT;;;
1538;;вот;ВОТ;PART;;; Н - _вот_ .  ;т;о;в;;;;PART;ВОТ;PART;Т
1539;;.;.;PUNCT;;;;;;;;;;PUNCT;;;
1540;;;;;;;;;;;;;;;;;
1541;# sent = 118;;;;;;;;;;;;;;;;
1542;;Ну;НУ;PART;;;.   _Ну_ \ \ это;у;н;;;;;PART;НУ;PART;У
1543;;\;\;PUNCT;;;;;;;;;;PUNCT;;;
1544;;\;\;PUNCT;;;;;;;;;;PUNCT;;;
1545;;это;ЭТО;PART;;;Ну \ \ _это_ вот я хочу;о;т;э;;;;PART;ЭТО;S n - nom sg;О
1546;;вот;ВОТ;PART;;;\ \ это _вот_ я хочу поделиться;т;о;в;;;;PART;ВОТ;PART;Т
1547;;я;Я;SPRO sg 1p - nom;;;\ это вот _я_ хочу поделиться впечатлениями;я;;;;;;SPRO;Я;SPRO sg 1p - nom;Я
1548;;хочу;ХОТЕТЬ;V ipf praes sg indic - 1p;;;это вот я _хочу_ поделиться впечатлениями от;у;ч;о;х;;;V;ХОТЕТЬ;V ipf praes sg indic - 1p;Ь
1549;;поделиться;ПОДЕЛИТЬСЯ;V pf - - inf - -;;;вот я хочу _поделиться_ впечатлениями от этого;я;с;ь;т;и;л;V;ПОДЕЛИТЬСЯ;V pf - - inf - -;Я
1550;;впечатлениями;ВПЕЧАТЛЕНИЕ;S n inan ins pl;;;я хочу поделиться _впечатлениями_ от этого отдыха;и;м;я;и;н;е;S;ВПЕЧАТЛЕНИЕ;S n inan ins pl;Е
1551;;от;ОТ;PR;;;хочу поделиться впечатлениями _от_ этого отдыха ,;т;о;;;;;PR;ОТ;PR;Т
1552;;этого;ЭТОТ;APRO - gen sg plen m inan;;;поделиться впечатлениями от _этого_ отдыха , которые;о;г;о;т;э;;APRO;ЭТОТ;A - acc sg plen m anim;Т
1553;;отдыха;ОТДЫХ;S m inan gen sg;;;впечатлениями от этого _отдыха_ , которые хочу;а;х;ы;д;т;о;S;ОТДЫХ;S m inan gen sg;Х
1554;;,;,;PUNCT;;;;;;;;;;PUNCT;;;
1555;;которые;КОТОРЫЙ;APRO - acc pl plen - inan;;;этого отдыха , _которые_ хочу ну свои;е;ы;р;о;т;о;APRO;КОТОРЫЙ;A - acc pl plen - inan;Й
1556;;хочу;ХОТЕТЬ;V ipf praes sg indic - 1p;;;отдыха , которые _хочу_ ну свои впечатления;у;ч;о;х;;;V;ХОТЕТЬ;V ipf praes sg indic - 1p;Ь
1557;;ну;НУ;PART;;;, которые хочу _ну_ свои впечатления обратить;у;н;;;;;PART;НУ;PART;У
1558;;свои;СВОЙ;APRO - nom pl plen - inan;;;которые хочу ну _свои_ впечатления обратить к;и;о;в;с;;;APRO;СВОЙ;A - nom pl plen - -;Й
1559;;впечатления;ВПЕЧАТЛЕНИЕ;S n inan acc pl;;;хочу ну свои _впечатления_ обратить к свои;я;и;н;е;л;т;S;ВПЕЧАТЛЕНИЕ;S n inan nom pl;Е
1560;;обратить;ОБРАТИТЬ;V pf - - inf - -;;;ну свои впечатления _обратить_ к свои внучкам;ь;т;и;т;а;р;V;ОБРАТИТЬ;V pf - - inf - -;Ь
1561;;к;К;PR;;;свои впечатления обратить _к_ свои внучкам ,;к;;;;;;PR;К;PR;К
1562;;своим;СВОЙ;APRO - dat pl plen - anim;distort;;впечатления обратить к _своим_ внучкам , к;и;о;в;с;;;APRO;СВОЙ;A - acc pl plen - inan;Й
1563;;внучкам;ВНУЧКА;S f anim dat pl;;;обратить к свои _внучкам_ , к вам;м;а;к;ч;у;н;S;ВНУЧКА;S f anim dat pl;А
1564;;,;,;PUNCT;;;;;;;;;;PUNCT;;;
1565;;к;К;PR;;;свои внучкам , _к_ вам . ;к;;;;;;PR;К;PR;К
1566;;вам;ВЫ;SPRO pl 2p - dat;;;внучкам , к _вам_ .  ;м;а;в;;;;SPRO;ВЫ;SPRO pl 2p - dat;Ы
1567;;.;.;PUNCT;;;;;;;;;;PUNCT;;;
1568;;;;;;;;;;;;;;;;;
1569;# sent = 119;;;;;;;;;;;;;;;;
1570;;Да;ДА;PART;;;.   _Да_ , потому что большое;а;д;;;;;CONJ;ДА;CONJ;А
1571;;,;,;PUNCT;;;;;;;;;;PUNCT;;;
1572;;потому что;потому что;CONJ;;; Да , _потому что_ большое спасибо .;о;т;ч; ;у;м;CONJ;потому что;CONJ;о
1573;;большое;БОЛЬШОЙ;A - acc sg plen n inan;;;Да , потому что _большое_ спасибо . ;е;о;ш;ь;л;о;A;БОЛЬШОЙ;A - acc sg plen n inan;Й
1574;;спасибо;СПАСИБО;S n inan nom sg;;;, потому что большое _спасибо_ .  ;о;б;и;с;а;п;S;СПАСИБО;S n inan nonflex -;О
1575;;.;.;PUNCT;;;;;;;;;;PUNCT;;;
1576;;;;;;;;;;;;;;;;;
1577;# sent = 120;;;;;;;;;;;;;;;;
1578;;Бабушка;БАБУШКА;S f anim nom sg;;;.   _Бабушка_ с ограниченными ;а;к;ш;у;б;а;S;БАБУШКА;S f anim nom sg;А
1579;;с;С;PR;;;  Бабушка _с_ ограниченными  физищскими;с;;;;;;PR;С;PR;С
1580;;ограниченными;ОГРАНИЧЕННЫЙ;A - ins pl plen - -;;; Бабушка с _ограниченными_  физищскими ;и;м;ы;н;н;е;A;ОГРАНИЧЕННЫЙ;A - ins pl plen - -;Й
1581;"<distinct form=""";;;;;;;;;;;;;;;;
1582;<dist>;физищскими;;;;;;;;;;;;;;;
1583;""">";;;;;;;;;;;;;;;;
1584;;физическими;ФИЗИЧЕСКИЙ;A - ins pl plen - -;;; физищскими  _физическими_   возможстями;и;м;и;к;с;е;A;ФИЗИЧЕСКИЙ;A - ins pl plen - -;Й
1585;</distinct>;;;;;;;;;;;;;;;;
1586;"<distinct form=""";;;;;;;;;;;;;;;;
1587;<dist>;возможстями;;;;;;;;;;;;;;;
1588;""">";;;;;;;;;;;;;;;;
1589;;возможностями;ВОЗМОЖНОСТЬ;S f inan ins pl;;; возможстями  _возможностями_  , глазки;и;м;я;т;с;о;S;ВОЗМОЖНОСТЬ;S f inan ins pl;Ь
1590;</distinct>;;;;;;;;;;;;;;;;
1591;;,;,;PUNCT;;;;;;;;;;PUNCT;;;
1592;;глазки;ГЛАЗОК;S m inan nom pl;;;возможностями  , _глазки_ плохие , и;и;к;з;а;л;г;S;ГЛАЗОК;S m inan nom pl;К
1593;;плохие;ПЛОХОЙ;A - nom pl plen - -;;; , глазки _плохие_ , и если;е;и;х;о;л;п;A;ПЛОХОЙ;A - nom pl plen - -;Й
1594;;,;,;PUNCT;;;;;;;;;;PUNCT;;;
1595;;и;И;CONJ;;;глазки плохие , _и_ если б не;и;;;;;;CONJ;И;CONJ;И
1596;;если;ЕСЛИ;CONJ;;;плохие , и _если_ б не вы;и;л;с;е;;;CONJ;ЕСЛИ;CONJ;И
1597;;б;Б;PART;;;, и если _б_ не вы ,;б;;;;;;PART;Б;PART;Б
1598;;не;НЕ;PART;;;и если б _не_ вы , которые;е;н;;;;;PART;НЕ;PART;Е
1599;;вы;ВЫ;SPRO pl 2p - nom;;;если б не _вы_ , которые меня;ы;в;;;;;SPRO;ВЫ;SPRO pl 2p - nom;Ы
1600;;,;,;PUNCT;;;;;;;;;;PUNCT;;;
1601;;которые;КОТОРЫЙ;APRO - nom pl plen - anim;;;не вы , _которые_ меня всегда поддерживаете;е;ы;р;о;т;о;APRO;КОТОРЫЙ;A - nom pl plen - -;Й
1602;;меня;Я;SPRO sg 1p - acc;;;вы , которые _меня_ всегда поддерживаете ,;я;н;е;м;;;SPRO;Я;SPRO sg 1p - acc;Я
1603;;всегда;ВСЕГДА;ADV -;;;, которые меня _всегда_ поддерживаете , берете;а;д;г;е;с;в;ADV;ВСЕГДА;ADV -;А
1604;;поддерживаете;ПОДДЕРЖИВАТЬ;V ipf praes pl indic - 2p;;;которые меня всегда _поддерживаете_ , берете с;е;т;е;а;в;и;V;ПОДДЕРЖИВАТЬ;V ipf praes pl indic - 2p;Ь
1605;;,;,;PUNCT;;;;;;;;;;PUNCT;;;
1606;;берете;БРАТЬ;V ipf praes pl indic - 2p;;;всегда поддерживаете , _берете_ с собой на;е;т;е;р;е;б;V;БРАТЬ;V ipf praes pl indic - 2p;Ь
1607;;с;С;PR;;;поддерживаете , берете _с_ собой на отдых;с;;;;;;PR;С;PR;С
1608;;собой;СЕБЯ;SPRO - - - ins;?;;, берете с _собой_ на отдых ,;й;о;б;о;с;;SPRO;СЕБЯ;SPRO - - - ins;Я
1609;;на;НА;PR;;;берете с собой _на_ отдых , ;а;н;;;;;PR;НА;PR;А
1610;;отдых;ОТДЫХ;S m inan acc sg;;;с собой на _отдых_ ,  воот;х;ы;д;т;о;;S;ОТДЫХ;S m inan acc sg;Х
1611;;,;,;PUNCT;;;;;;;;;;PUNCT;;;
1612;"<distinct form=""";;;;;;;;;;;;;;;;
1613;<dist>;воот;;;;;;;;;;;;;;;
1614;""">";;;;;;;;;;;;;;;;
1615;;вот;ВОТ;PART;;; воот  _вот_  , особенно;т;о;в;;;;PART;ВОТ;PART;Т
1616;</distinct>;;;;;;;;;;;;;;;;
1617;;,;,;PUNCT;;;;;;;;;;PUNCT;;;
1618;;особенно;ОСОБЕННО;ADV -;;;вот  , _особенно_ в этом году;о;н;н;е;б;о;ADV;ОСОБЕННО;ADV -;О
1619;;в;В;PR;;; , особенно _в_ этом году .;в;;;;;;PR;В;PR;В
1620;;этом;ЭТОТ;APRO - loc sg plen m inan;;;, особенно в _этом_ году . ;м;о;т;э;;;APRO;ЭТОТ;A - loc sg plen m -;Т
1621;;году;ГОД;S m inan loc2 sg;;;особенно в этом _году_ .  ;у;д;о;г;;;S;ГОД;S m inan loc2 sg;Д
1622;;.;.;PUNCT;;;;;;;;;;PUNCT;;;
1623;;;;;;;;;;;;;;;;;
1624;# sent = 121;;;;;;;;;;;;;;;;
1625;;В;В;PR;;;.   _В_ этом году это;в;;;;;;PR;В;PR;В
1626;;этом;ЭТОТ;APRO - loc sg plen m inan;;;  В _этом_ году это действительно;м;о;т;э;;;APRO;ЭТОТ;A - loc sg plen m -;Т
1627;;году;ГОД;S m inan loc2 sg;;; В этом _году_ это действительно ,;у;д;о;г;;;S;ГОД;S m inan loc2 sg;Д
1628;;это;ЭТО;PART;;;В этом году _это_ действительно , как;о;т;э;;;;PART;ЭТО;S n - nom sg;О
1629;;действительно;ДЕЙСТВИТЕЛЬНО;ADV -;;;этом году это _действительно_ , как я;о;н;ь;л;е;т;ADV;ДЕЙСТВИТЕЛЬНО;ADV -;О
1630;;,;,;PUNCT;;;;;;;;;;PUNCT;;;
1631;;как;КАК;CONJ;;;это действительно , _как_ я говорила у;к;а;к;;;;CONJ;КАК;CONJ;К
1632;;я;Я;SPRO sg 1p - nom;;;действительно , как _я_ говорила у меня;я;;;;;;SPRO;Я;SPRO sg 1p - nom;Я
1633;;говорила;ГОВОРИТЬ;V ipf praet sg indic f -;;;, как я _говорила_ у меня были;а;л;и;р;о;в;V;ГОВОРИТЬ;V ipf praet sg indic f -;Ь
1634;;у;У;PR;;;как я говорила _у_ меня были семь;у;;;;;;PR;У;PR;У
1635;;меня;Я;SPRO sg 1p - acc;;;я говорила у _меня_ были семь дней;я;н;е;м;;;SPRO;Я;SPRO sg 1p - acc;Я
1636;;были;БЫТЬ;V ipf praet pl indic - -;;;говорила у меня _были_ семь дней ,;и;л;ы;б;;;V;БЫТЬ;V ipf praet pl indic - -;Ь
1637;;семь;СЕМЬ;NUM nom - -;;;у меня были _семь_ дней , которые;ь;м;е;с;;;NUM;СЕМЬ;NUM acc - -;Ь
1638;;дней;ДЕНЬ;S m inan gen pl;;;меня были семь _дней_ , которые потрясли;й;е;н;д;;;S;ДЕНЬ;S m inan gen pl;Ь
1639;;,;,;PUNCT;;;;;;;;;;PUNCT;;;
1640;;которые;КОТОРЫЙ;APRO - nom pl plen - inan;;;семь дней , _которые_ потрясли мое сознание;е;ы;р;о;т;о;APRO;КОТОРЫЙ;A - nom pl plen - -;Й
1641;;потрясли;ПОТРЯСТИ;V pf praet pl indic - -;;;дней , которые _потрясли_ мое сознание .;и;л;с;я;р;т;V;ПОТРЯСТИ;V pf praet pl indic - -;И
1642;;мое;МОЙ;APRO - acc sg plen n inan;;;, которые потрясли _мое_ сознание . ;е;о;м;;;;APRO;МОЙ;A - nom sg plen n -;Й
1643;;сознание;СОЗНАНИЕ;S n inan acc sg;;;которые потрясли мое _сознание_ .  ;е;и;н;а;н;з;S;СОЗНАНИЕ;S n inan nom sg;Е
1644;;.;.;PUNCT;;;;;;;;;;PUNCT;;;
1645;;;;;;;;;;;;;;;;;
1646;# sent = 122;;;;;;;;;;;;;;;;
1647;;Именно;ИМЕННО;PART;;;.   _Именно_ действительно \ \;о;н;н;е;м;и;PART;ИМЕННО;PART;О
1648;;действительно;ДЕЙСТВИТЕЛЬНО;ADV -;;;  Именно _действительно_ \ \ я;о;н;ь;л;е;т;ADV;ДЕЙСТВИТЕЛЬНО;ADV -;О
1649;;\;\;PUNCT;;;;;;;;;;PUNCT;;;
1650;;\;\;PUNCT;;;;;;;;;;PUNCT;;;
1651;;я;Я;SPRO sg 1p - nom;;;действительно \ \ _я_ никогда не думала;я;;;;;;SPRO;Я;SPRO sg 1p - nom;Я
1652;;никогда;НИКОГДА;ADV -;;;\ \ я _никогда_ не думала что;а;д;г;о;к;и;ADV;НИКОГДА;ADV -;А
1653;;не;НЕ;PART;;;\ я никогда _не_ думала что где-то;е;н;;;;;PART;НЕ;PART;Е
1654;;думала;ДУМАТЬ;V ipf praet sg indic f -;;;я никогда не _думала_ что где-то заграницей;а;л;а;м;у;д;V;ДУМАТЬ;V ipf praet sg indic f -;Ь
1655;;что;ЧТО;CONJ;;;никогда не думала _что_ где-то заграницей я;о;т;ч;;;;CONJ;ЧТО;CONJ;О
1656;;где-то;ГДЕ-ТО;ADVPRO;;;не думала что _где-то_ заграницей я ,;о;т;-;е;д;г;ADV;ГДЕ-ТО;ADV -;О
1657;;заграницей;ЗАГРАНИЦА;S f inan ins sg;;;думала что где-то _заграницей_ я , \;й;е;ц;и;н;а;S;ЗАГРАНИЦА;S f inan ins sg;А
1658;;я;Я;SPRO sg 1p - nom;;;что где-то заграницей _я_ , \ \;я;;;;;;SPRO;Я;SPRO sg 1p - nom;Я
1659;;,;,;PUNCT;;;;;;;;;;PUNCT;;;
1660;;\;\;PUNCT;;;;;;;;;;PUNCT;;;
1661;;\;\;PUNCT;;;;;;;;;;PUNCT;;;
1662;;хотя;ХОТЯ;CONJ;;;, \ \ _хотя_ я Латвию очень;я;т;о;х;;;CONJ;ХОТЯ;CONJ;Я
1663;;я;Я;SPRO sg 1p - nom;;;\ \ хотя _я_ Латвию очень люблю;я;;;;;;SPRO;Я;SPRO sg 1p - nom;Я
1664;;Латвию;ЛАТВИЯ;S f inan acc sg;;;\ хотя я _Латвию_ очень люблю и;ю;и;в;т;а;л;S;ЛАТВИЯ;S f inan acc sg;Я
1665;;очень;ОЧЕНЬ;ADV -;;;хотя я Латвию _очень_ люблю и считаю;ь;н;е;ч;о;;ADV;ОЧЕНЬ;ADV -;Ь
1666;;люблю;ЛЮБИТЬ;V ipf praes sg indic - 1p;;;я Латвию очень _люблю_ и считаю её;ю;л;б;ю;л;;V;ЛЮБИТЬ;V ipf praes sg indic - 1p;Ь
1667;;и;И;CONJ;;;Латвию очень люблю _и_ считаю её своей;и;;;;;;CONJ;И;CONJ;И
1668;;считаю;СЧИТАТЬ;V ipf praes sg indic - 1p;;;очень люблю и _считаю_ её своей ,;ю;а;т;и;ч;с;V;СЧИТАТЬ;V ipf praes sg indic - 1p;Ь
1669;;её;ОНА;SPRO sg 3p f acc;;;люблю и считаю _её_ своей , что;ё;е;;;;;SPRO;ОНА;SPRO sg 3p f acc;А
1670;;своей;СВОЙ;APRO - ins sg plen f -;;;и считаю её _своей_ , что когда;й;е;о;в;с;;APRO;СВОЙ;A - gen sg plen f -;Й
1671;;,;,;PUNCT;;;;;;;;;;PUNCT;;;
1672;;что;ЧТО;CONJ;;;её своей , _что_ когда … что;о;т;ч;;;;CONJ;ЧТО;CONJ;О
1673;;когда;КОГДА;APRO;не уверена;;своей , что _когда_ … что когда-то;а;д;г;о;к;;CONJ;КОГДА;CONJ;А
1674;;…;…;PUNCT;;;;;;;;;;PUNCT;;;
1675;;что;ЧТО;CONJ;;;что когда … _что_ когда-то мне придется;о;т;ч;;;;CONJ;ЧТО;CONJ;О
1676;;когда-то;КОГДА-ТО;ADV -;;;когда … что _когда-то_ мне придется вот;о;т;-;а;д;г;ADV;КОГДА-ТО;ADV -;О
1677;;мне;Я;SPRO sg 1p - dat;;;… что когда-то _мне_ придется вот в;е;н;м;;;;SPRO;Я;SPRO sg 1p - dat;Я
1678;;придется;ПРИЙТИСЬ;V pf fut sg indic - 3p;;;что когда-то мне _придется_ вот в моем;я;с;т;е;д;и;V;ПРИЙТИСЬ;V pf fut sg indic - 3p;Ь
1679;;вот;ВОТ;PART;;;когда-то мне придется _вот_ в моем таком;т;о;в;;;;PART;ВОТ;PART;Т
1680;;в;В;PR;;;мне придется вот _в_ моем таком .;в;;;;;;PR;В;PR;В
1681;;моем;МОЙ;APRO - loc sg plen m inan;;;придется вот в _моем_ таком . ;м;е;о;м;;;APRO;МОЙ;A - loc sg plen m -;Й
1682;;таком;ТАКОЙ;APRO - loc sg plen m inan;;;вот в моем _таком_ .  ;м;о;к;а;т;;APRO;ТАКОЙ;A - loc sg plen m -;Й
1683;;.;.;PUNCT;;;;;;;;;;PUNCT;;;
1684;;;;;;;;;;;;;;;;;
1685;# sent = 123;;;;;;;;;;;;;;;;
1686;;физическом;ФИЗИЧЕСКИЙ;A - loc sg plen m -;;;.   _физическом_ состоянии , а;м;о;к;с;е;ч;A;ФИЗИЧЕСКИЙ;A - loc sg plen m -;Й
1687;;состоянии;СОСТОЯНИЕ;S n inan loc sg;;;  физическом _состоянии_ , а ;и;и;н;я;о;т;S;СОСТОЯНИЕ;S n inan loc sg;Е
1688;;,;,;PUNCT;;;;;;;;;;PUNCT;;;
1689;;а;А;CONJ;;;физическом состоянии , _а_  защит ;а;;;;;;CONJ;А;CONJ;А
1690;"<distinct form=""";;;;;;;;;;;;;;;;
1691;<dist>;защит;;;;;;;;;;;;;;;
1692;""">";;;;;;;;;;;;;;;;
1693;;значит;ЗНАЧИТЬ;PARENTH;;; защит  _значит_  , остаться;т;и;ч;а;н;з;ADV;ЗНАЧИТ;ADV -;Т
1694;</distinct>;;;;;;;;;;;;;;;;
1695;;,;,;PUNCT;;;;;;;;;;PUNCT;;;
1696;;остаться;ОСТАТЬСЯ;V pf - - inf - -;;;значит  , _остаться_ с внучками ,;я;с;ь;т;а;т;V;ОСТАТЬСЯ;V pf - - inf - -;Я
1697;;с;С;PR;;; , остаться _с_ внучками , которые;с;;;;;;PR;С;PR;С
1698;;внучками;ВНУЧКА;S f anim ins pl;;;, остаться с _внучками_ , которые одной;и;м;а;к;ч;у;S;ВНУЧКА;S f anim ins pl;А
1699;;,;,;PUNCT;;;;;;;;;;PUNCT;;;
1700;;которые;КОТОРЫЙ;APRO - acc pl plen - inan;;;с внучками , _которые_ одной двенадцать лет;е;ы;р;о;т;о;APRO;КОТОРЫЙ;A - acc pl plen - inan;Й
1701;;одной;ОДИН;ANUM - dat sg plen f -;;;внучками , которые _одной_ двенадцать лет ,;й;о;н;д;о;;ANUM;ОДИН;A - gen sg plen f -;Н
1702;;двенадцать;ДВЕНАДЦАТЬ;NUM acc - -;;;, которые одной _двенадцать_ лет , а;ь;т;а;ц;д;а;NUM;ДВЕНАДЦАТЬ;NUM acc - -;Ь
1703;;лет;ГОД;S m inan gen pl;;;которые одной двенадцать _лет_ , а другой;т;е;л;;;;S;ГОД;S m inan gen pl;Д
1704;;,;,;PUNCT;;;;;;;;;;PUNCT;;;
1705;;а;А;CONJ;;;двенадцать лет , _а_ другой семнадцать лет;а;;;;;;CONJ;А;CONJ;А
1706;;другой;ДРУГОЙ;A - dat sg plen f -;;;лет , а _другой_ семнадцать лет .;й;о;г;у;р;д;A;ДРУГОЙ;A - nom sg plen m -;Й
1707;;семнадцать;СЕМНАДЦАТЬ;NUM acc - -;;;, а другой _семнадцать_ лет . ;ь;т;а;ц;д;а;NUM;СЕМНАДЦАТЬ;NUM acc - -;Ь
1708;;лет;ГОД;S m inan gen pl;;;а другой семнадцать _лет_ .  ;т;е;л;;;;S;ГОД;S m inan gen pl;Д
1709;;.;.;PUNCT;;;;;;;;;;PUNCT;;;
1710;;;;;;;;;;;;;;;;;
1711;# sent = 124;;;;;;;;;;;;;;;;
1712;;И;И;CONJ;;;.   _И_ я вам очень;и;;;;;;CONJ;И;CONJ;И
1713;;я;Я;SPRO sg 1p - nom;;;  И _я_ вам очень благодарна;я;;;;;;SPRO;Я;SPRO sg 1p - nom;Я
1714;;вам;ВЫ;SPRO pl 2p - dat;;; И я _вам_ очень благодарна .;м;а;в;;;;SPRO;ВЫ;SPRO pl 2p - dat;Ы
1715;;очень;ОЧЕНЬ;ADV -;;;И я вам _очень_ благодарна . ;ь;н;е;ч;о;;ADV;ОЧЕНЬ;ADV -;Ь
1716;;благодарна;БЛАГОДАРНЫЙ;A - - sg brev f -;;;я вам очень _благодарна_ .  ;а;н;р;а;д;о;A;БЛАГОДАРНЫЙ;A - - sg brev f -;Й
1717;;.;.;PUNCT;;;;;;;;;;PUNCT;;;
1718;;;;;;;;;;;;;;;;;
1719;# sent = 125;;;;;;;;;;;;;;;;
1720;# speaker = Аня;;;;;;;;;;;;;;;;
1721;# sent = 126;;;;;;;;;;;;;;;;
1722;;Ой;ОЙ;INTJ;;;   _Ой_ ну  пасибо;й;о;;;;;INTJ;ОЙ;INTJ;Й
1723;;ну;НУ;PART;;;  Ой _ну_  пасибо ;у;н;;;;;PART;НУ;PART;У
1724;"<distinct form=""";;;;;;;;;;;;;;;;
1725;<dist>;пасибо;;;;;;;;;;;;;;;
1726;""">";;;;;;;;;;;;;;;;
1727;;спасибо;СПАСИБО;PRAEDIC;;; пасибо  _спасибо_  конечно ;о;б;и;с;а;п;PRAEDIC;СПАСИБО;S n inan nonflex -;О
1728;</distinct>;;;;;;;;;;;;;;;;
1729;;конечно;КОНЕЧНО;PARENTH;;; спасибо  _конечно_   ;о;н;ч;е;н;о;ADV;КОНЕЧНО;ADV -;О
1730;;;;;;;;;;;;;;;;;
1731;# sent = 127;;;;;;;;;;;;;;;;
1732;# speaker = Галина;;;;;;;;;;;;;;;;
1733;# sent = 128;;;;;;;;;;;;;;;;
1734;;Очень;ОЧЕНЬ;ADV -;;;   _Очень_ благодарна вам ,;ь;н;е;ч;о;;ADV;ОЧЕНЬ;ADV -;Ь
1735;;благодарна;БЛАГОДАРНЫЙ;A - - sg brev f -;;;  Очень _благодарна_ вам , да;а;н;р;а;д;о;A;БЛАГОДАРНЫЙ;A - - sg brev f -;Й
1736;;вам;ВЫ;SPRO pl 2p - dat;;; Очень благодарна _вам_ , да \;м;а;в;;;;SPRO;ВЫ;SPRO pl 2p - dat;Ы
1737;;,;,;PUNCT;;;;;;;;;;PUNCT;;;
1738;;да;ДА;PART;;;благодарна вам , _да_ \ \ так что;а;д;;;;;CONJ;ДА;CONJ;А
1739;;\;\;PUNCT;;;;;;;;;;PUNCT;;;
1740;;\;\;PUNCT;;;;;;;;;;PUNCT;;;
1741;;так что;так что;CONJ;;;да \ \ _так что_   ;о;т;ч; ;к;а;CONJ;так что;CONJ;о
1742;;;;;;;;;;;;;;;;;
1743;# sent = 129;;;;;;;;;;;;;;;;
1744;# speaker = Аня;;;;;;;;;;;;;;;;
1745;# sent = 130;;;;;;;;;;;;;;;;
1746;"<distinct form=""";;;;;;;;;;;;;;;;
1747;<dist>;чё;;;;;;;;;;;;;;;
1748;""">";;;;;;;;;;;;;;;;
1749;;что;ЧТО;SPRO sg 3p n acc;;; чё  _что_  ещё Забелок;о;т;ч;;;;ADV;ЧТО;ADV -;О
1750;</distinct>;;;;;;;;;;;;;;;;
1751;;ещё;ЕЩЕ;ADV -;;; что  _ещё_ Забелок рассказала ?;ё;щ;е;;;;ADV;ЕЩЕ;ADV -;Е
1752;;Забелок;ЗАБЕЛОК;S f anim nom sg famn;;;что  ещё _Забелок_ рассказала ? ;к;о;л;е;б;а;S;ЗАБЕЛКА;S f inan gen pl;А
1753;;рассказала;РАССКАЗАТЬ;V pf praet sg indic f -;;; ещё Забелок _рассказала_ ?  ;а;л;а;з;а;к;V;РАССКАЗАТЬ;V pf praet sg indic f -;Ь
1754;;?;?;PUNCT;;;;;;;;;;PUNCT;;;
1755;;;;;;;;;;;;;;;;;
1756;# sent = 131;;;;;;;;;;;;;;;;
1757;# speaker = Галина;;;;;;;;;;;;;;;;
1758;# sent = 132;;;;;;;;;;;;;;;;
1759;;Много;МНОГО;ADV -;;;   _Много_ ?  ;о;г;о;н;м;;ADV;МНОГО;ADV -;О
1760;;?;?;PUNCT;;;;;;;;;;PUNCT;;;
1761;;;;;;;;;;;;;;;;;
1762;# sent = 133;;;;;;;;;;;;;;;;
1763;# speaker = Аня;;;;;;;;;;;;;;;;
1764;# sent = 134;;;;;;;;;;;;;;;;
1765;;Я;Я;SPRO sg 1p - nom;;;   _Я_  гворю ;я;;;;;;SPRO;Я;SPRO sg 1p - nom;Я
1766;"<distinct form=""";;;;;;;;;;;;;;;;
1767;<dist>;гворю;;;;;;;;;;;;;;;
1768;""">";;;;;;;;;;;;;;;;
1769;;говорю;ГОВОРИТЬ;V ipf praes sg indic - 1p;;; гворю  _говорю_  Забелок что;ю;р;о;в;о;г;V;ГОВОРИТЬ;V ipf praes sg indic - 1p;Ь
1770;</distinct>;;;;;;;;;;;;;;;;
1771;;Забелок;ЗАБЕЛОК;S f anim nom sg famn;;; говорю  _Забелок_ что ещё рассказала;к;о;л;е;б;а;S;ЗАБЕЛКА;S f inan nom sg;А
1772;;что;ЧТО;SPRO sg 3 n acc;;;говорю  Забелок _что_ ещё рассказала ?;о;т;ч;;;;CONJ;ЧТО;CONJ;О
1773;;ещё;ЕЩЕ;ADV -;;; Забелок что _ещё_ рассказала ? ;ё;щ;е;;;;ADV;ЕЩЕ;ADV -;Е
1774;;рассказала;РАССКАЗАТЬ;V pf praet sg indic f -;;;Забелок что ещё _рассказала_ ?  ;а;л;а;з;а;к;V;РАССКАЗАТЬ;V pf praet sg indic f -;Ь
1775;;?;?;PUNCT;;;;;;;;;;PUNCT;;;
1776;;;;;;;;;;;;;;;;;
1777;# sent = 135;;;;;;;;;;;;;;;;
1778;;Как;КАК;ADV -;;;?   _Как_ там , это;к;а;к;;;;ADV;КАК;ADV -;К
1779;;там;ТАМ;ADVPRO;;;  Как _там_ , это ,;м;а;т;;;;ADV;ТАМ;ADV -;М
1780;;,;,;PUNCT;;;;;;;;;;PUNCT;;;
1781;;это;ЭТО;PART;;;Как там , _это_ , Танечка ?;о;т;э;;;;PART;ЭТО;S n - nom sg;О
1782;;,;,;PUNCT;;;;;;;;;;PUNCT;;;
1783;;Танечка;ТАНЕЧКА;S f anim nom sg pers;;;, это , _Танечка_ ?  ;а;к;ч;е;н;а;S;ТАНЕЧКА;S f anim nom sg;А
1784;;?;?;PUNCT;;;;;;;;;;PUNCT;;;
1785;;;;;;;;;;;;;;;;;
1786;# sent = 136;;;;;;;;;;;;;;;;
1787;# speaker = Галина;;;;;;;;;;;;;;;;
1788;# sent = 137;;;;;;;;;;;;;;;;
1789;;А;А;CONJ;;;   _А_  тё.. Танечка;а;;;;;;INTJ;А;INTJ;А
1790;"<distinct form=""";;;;;;;;;;;;;;;;
1791;<dist>;тё..;;;;;;;;;;;;;;;
1792;<dist>;Танечка;;;;;;;;;;;;;;;
1793;""">";;;;;;;;;;;;;;;;
1794;;Танечка;ТАНЕЧКА;S f anim nom sg pers;;;тё.. Танечка  _Танечка_  значит ходит;а;к;ч;е;н;а;S;ТАНЕЧКА;S f anim nom sg;А
1795;</distinct>;;;;;;;;;;;;;;;;
1796;;значит;ЗНАЧИТЬ;PARENTH;;; Танечка  _значит_ ходит в школу;т;и;ч;а;н;з;ADV;ЗНАЧИТ;ADV -;Т
1797;;ходит;ХОДИТЬ;V ipf praes sg indic - 3p;;;Танечка  значит _ходит_ в школу ,;т;и;д;о;х;;V;ХОДИТЬ;V ipf praes sg indic - 3p;Ь
1798;;в;В;PR;;; значит ходит _в_ школу , ей;в;;;;;;PR;В;PR;В
1799;;школу;ШКОЛА;S f inan acc sg;;;значит ходит в _школу_ , ей очень;у;л;о;к;ш;;S;ШКОЛА;S f inan acc sg;А
1800;;,;,;PUNCT;;;;;;;;;;PUNCT;;;
1801;;ей;ОНА;SPRO sg 3p f dat;;;в школу , _ей_ очень нравится \;й;е;;;;;SPRO;ОНА;SPRO sg 3p f dat;А
1802;;очень;ОЧЕНЬ;ADV -;;;школу , ей _очень_ нравится \ \;ь;н;е;ч;о;;ADV;ОЧЕНЬ;ADV -;Ь
1803;;нравится;НРАВИТЬСЯ;V ipf praes sg indic - 3p;;;, ей очень _нравится_ \ \ вот;я;с;т;и;в;а;V;НРАВИТЬСЯ;V ipf praes sg indic - 3p;Я
1804;;\;\;PUNCT;;;;;;;;;;PUNCT;;;
1805;;\;\;PUNCT;;;;;;;;;;PUNCT;;;
1806;;вот;ВОТ;PART;;;нравится \ \ _вот_ учиться , но;т;о;в;;;;PART;ВОТ;PART;Т
1807;;учиться;УЧИТЬСЯ;V ipf - - inf - -;;;\ \ вот _учиться_ , но сказала;я;с;ь;т;и;ч;V;УЧИТЬСЯ;V ipf - - inf - -;Я
1808;;,;,;PUNCT;;;;;;;;;;PUNCT;;;
1809;;но;НО;CONJ;;;вот учиться , _но_ сказала очень строгая;о;н;;;;;CONJ;НО;CONJ;О
1810;;сказала;СКАЗАТЬ;V pf praet sg indic f -;;;учиться , но _сказала_ очень строгая учительница;а;л;а;з;а;к;V;СКАЗАТЬ;V pf praet sg indic f -;Ь
1811;;очень;ОЧЕНЬ;ADV -;;;, но сказала _очень_ строгая учительница по;ь;н;е;ч;о;;ADV;ОЧЕНЬ;ADV -;Ь
1812;;строгая;СТРОГИЙ;A - nom sg plen f -;;;но сказала очень _строгая_ учительница по музыке;я;а;г;о;р;т;A;СТРОГИЙ;A - nom sg plen f -;Й
1813;;учительница;УЧИТЕЛЬНИЦА;S f anim nom sg;;;сказала очень строгая _учительница_ по музыке .;а;ц;и;н;ь;л;S;УЧИТЕЛЬНИЦА;S f anim nom sg;А
1814;;по;ПО;PR;;;очень строгая учительница _по_ музыке . ;о;п;;;;;PR;ПО;PR;О
1815;;музыке;МУЗЫКА;S f inan dat sg;;;строгая учительница по _музыке_ .  ;е;к;ы;з;у;м;S;МУЗЫКА;S f inan loc sg;А
1816;;.;.;PUNCT;;;;;;;;;;PUNCT;;;
1817;;;;;;;;;;;;;;;;;
1818;# sent = 138;;;;;;;;;;;;;;;;
1819;;Она;ОНА;SPRO sg 3p f nom;;;.   _Она_ сегодня  работае;а;н;о;;;;SPRO;ОНА;SPRO sg 3p f nom;А
1820;;сегодня;СЕГОДНЯ;ADV -;;;  Она _сегодня_  работае ;я;н;д;о;г;е;ADV;СЕГОДНЯ;ADV -;Я
1821;"<distinct form=""";;;;;;;;;;;;;;;;
1822;<dist>;работае;;;;;;;;;;;;;;;
1823;""">";;;;;;;;;;;;;;;;
1824;;работает;РАБОТАТЬ;V ipf praes sg indic - 3p;;; работае  _работает_  … она;т;е;а;т;о;б;V;РАБОТАТЬ;V ipf praes sg indic - 3p;Ь
1825;</distinct>;;;;;;;;;;;;;;;;
1826;;…;…;PUNCT;;;;;;;;;;PUNCT;;;
1827;;она;ОНА;SPRO sg 3p f nom;;;работает  … _она_  се ;а;н;о;;;;SPRO;ОНА;SPRO sg 3p f nom;А
1828;"<distinct form=""";;;;;;;;;;;;;;;;
1829;<dist>;се;;;;;;;;;;;;;;;
1830;""">";;;;;;;;;;;;;;;;
1831;;нрзб;НРЗБ;NONLEX;;; се  _нрзб_  работает над;б;з;р;н;;;NONLEX;НРЗБ;NONLEX;Б
1832;</distinct>;;;;;;;;;;;;;;;;
1833;;работает;РАБОТАТЬ;V ipf praes sg indic - 3p;;; нрзб  _работает_ над нашими осанками;т;е;а;т;о;б;V;РАБОТАТЬ;V ipf praes sg indic - 3p;Ь
1834;;над;НАД;PR;;;нрзб  работает _над_ нашими осанками .;д;а;н;;;;PR;НАД;PR;Д
1835;;нашими;НАШ;APRO - ins pl plen - inan;;; работает над _нашими_ осанками . ;и;м;и;ш;а;н;APRO;НАШ;A - ins pl plen - -;Ш
1836;;осанками;ОСАНКА;S f inan ins pl;;;работает над нашими _осанками_ .  ;и;м;а;к;н;а;S;ОСАНКА;S f inan ins pl;А
1837;;.;.;PUNCT;;;;;;;;;;PUNCT;;;
1838;;;;;;;;;;;;;;;;;
1839;# sent = 139;;;;;;;;;;;;;;;;
1840;;А;А;CONJ;;;.   _А_ я вспоминаю у;а;;;;;;CONJ;А;CONJ;А
1841;;я;Я;SPRO sg 1p - nom;;;  А _я_ вспоминаю у нас;я;;;;;;SPRO;Я;SPRO sg 1p - nom;Я
1842;;вспоминаю;ВСПОМИНАТЬ;V ipf praes sg indic - 1p;;; А я _вспоминаю_ у нас была;ю;а;н;и;м;о;V;ВСПОМИНАТЬ;V ipf praes sg indic - 1p;Ь
1843;;у;У;PR;;;А я вспоминаю _у_ нас была сотрудница;у;;;;;;PR;У;PR;У
1844;;нас;МЫ;SPRO pl 1p - acc;;;я вспоминаю у _нас_ была сотрудница одна;с;а;н;;;;SPRO;МЫ;SPRO pl 1p - loc;Ы
1845;;была;БЫТЬ;V ipf praet sg indic f -;;;вспоминаю у нас _была_ сотрудница одна ,;а;л;ы;б;;;V;БЫТЬ;V ipf praet sg indic f -;Ь
1846;;сотрудница;СОТРУДНИЦА;S f anim nom sg;;;у нас была _сотрудница_ одна , тётя;а;ц;и;н;д;у;S;СОТРУДНИЦА;S f anim nom sg;А
1847;;одна;ОДИН;ANUM - nom sg plen f -;;;нас была сотрудница _одна_ , тётя Нона;а;н;д;о;;;ANUM;ОДИН;A - nom sg plen f -;Н
1848;;,;,;PUNCT;;;;;;;;;;PUNCT;;;
1849;;тётя;ТЕТЯ;S f anim nom sg;;;сотрудница одна , _тётя_ Нона , ну;я;т;ё;т;;;S;ТЕТЯ;S f anim nom sg;Я
1850;;Нона;НОНА;S f anim nom sg pers;;;одна , тётя _Нона_ , ну ты;а;н;о;н;;;S;НОНА;S f inan nom sg;А
1851;;,;,;PUNCT;;;;;;;;;;PUNCT;;;
1852;;ну;НУ;PART;;;тётя Нона , _ну_ ты её ;у;н;;;;;PART;НУ;PART;У
1853;;ты;ТЫ;SPRO sg 2p - nom;;;Нона , ну _ты_ её  зн..;ы;т;;;;;SPRO;ТЫ;SPRO sg 2p - nom;Ы
1854;;её;ОНА;SPRO sg 3p f acc;;;, ну ты _её_  зн.. видела;ё;е;;;;;SPRO;ОНА;SPRO sg 3p f acc;А
1855;"<distinct form=""";;;;;;;;;;;;;;;;
1856;<dist>;зн..;;;;;;;;;;;;;;;
1857;<dist>;видела;;;;;;;;;;;;;;;
1858;""">";;;;;;;;;;;;;;;;
1859;;видела;ВИДЕТЬ;V ipf praet sg indic f -;;;зн.. видела  _видела_  тоже ,;а;л;е;д;и;в;V;ВИДЕТЬ;V ipf praet sg indic f -;Ь
1860;</distinct>;;;;;;;;;;;;;;;;
1861;;тоже;ТОЖЕ;ADV -;;; видела  _тоже_ , тётя Нона;е;ж;о;т;;;PART;ТОЖЕ;PART;Е
1862;;,;,;PUNCT;;;;;;;;;;PUNCT;;;
1863;;тётя;ТЕТЯ;S f anim nom sg;;; тоже , _тётя_ Нона , они;я;т;ё;т;;;S;ТЕТЯ;S f anim nom sg;Я
1864;;Нона;НОНА;S f anim nom sg pers;;;тоже , тётя _Нона_ , они вместе;а;н;о;н;;;S;НОНА;S f inan nom sg;А
1865;;,;,;PUNCT;;;;;;;;;;PUNCT;;;
1866;;они;ОНИ;SPRO pl - - nom;;;тётя Нона , _они_ вместе в школе;и;н;о;;;;SPRO;ОНИ;SPRO pl - - nom;И
1867;;вместе;ВМЕСТЕ;ADV -;;;Нона , они _вместе_ в школе учились;е;т;с;е;м;в;ADV;ВМЕСТЕ;ADV -;Е
1868;;в;В;PR;;;, они вместе _в_ школе учились с;в;;;;;;PR;В;PR;В
1869;;школе;ШКОЛА;S f inan loc sg;;;они вместе в _школе_ учились с тоже;е;л;о;к;ш;;S;ШКОЛА;S f inan loc sg;А
1870;;учились;УЧИТЬСЯ;V ipf praet pl indic - -;;;вместе в школе _учились_ с тоже с;ь;с;и;л;и;ч;V;УЧИТЬСЯ;V ipf praet pl indic - -;Я
1871;;с;С;PR;;;в школе учились _с_ тоже с другой;с;;;;;;PR;С;PR;С
1872;;тоже;ТОЖЕ;PART;;;школе учились с _тоже_ с другой это;е;ж;о;т;;;PART;ТОЖЕ;PART;Е
1873;;с;С;PR;;;учились с тоже _с_ другой это нашей;с;;;;;;PR;С;PR;С
1874;;другой;ДРУГОЙ;A - ins sg plen f anim;;;с тоже с _другой_ это нашей же;й;о;г;у;р;д;A;ДРУГОЙ;A - acc sg plen m inan;Й
1875;;это;ЭТО;PART;;;тоже с другой _это_ нашей же из;о;т;э;;;;PART;ЭТО;PART;О
1876;;нашей;НАШ;APRO - gen sg plen f -;;;с другой это _нашей_ же из нашей;й;е;ш;а;н;;APRO;НАШ;A - gen sg plen f -;Ш
1877;;же;ЖЕ;PART;;;другой это нашей _же_ из нашей компании;е;ж;;;;;PART;ЖЕ;PART;Е
1878;;из;ИЗ;PR;;;это нашей же _из_ нашей компании тётей;з;и;;;;;PR;ИЗ;PR;З
1879;;нашей;НАШ;APRO - gen sg plen f inan;;;нашей же из _нашей_ компании тётей Мирой;й;е;ш;а;н;;APRO;НАШ;A - gen sg plen f -;Ш
1880;;компании;КОМПАНИЯ;S f inan gen sg;;;же из нашей _компании_ тётей Мирой Комисаровой;и;и;н;а;п;м;S;КОМПАНИЯ;S f inan gen sg;Я
1881;;тётей;ТЕТЯ;S f anim ins sg;;;из нашей компании _тётей_ Мирой Комисаровой ,;й;е;т;ё;т;;S;ТЕТЯ;S f anim ins sg;Я
1882;;Мирой;МИРА;S f anim ins sg pers;;;нашей компании тётей _Мирой_ Комисаровой , и;й;о;р;и;м;;S;МИРА;S f anim ins sg;А
1883;;Комисаровой;КОМИСАРОВА;S f anim loc sg famn;;;компании тётей Мирой _Комисаровой_ , и у;й;о;в;о;р;а;S;КОМИСАРОВА;S f anim loc sg;А
1884;;,;,;PUNCT;;;;;;;;;;PUNCT;;;
1885;;и;И;CONJ;;;Мирой Комисаровой , _и_ у них была;и;;;;;;CONJ;И;CONJ;И
1886;;у;У;PR;;;Комисаровой , и _у_ них была учительница;у;;;;;;PR;У;PR;У
1887;;них;ОНИ;SPRO pl - - acc;;;, и у _них_ была учительница которая;х;и;н;;;;SPRO;ОНИ;SPRO pl - - loc;И
1888;;была;БЫТЬ;V ipf praet sg indic f -;;;и у них _была_ учительница которая входила;а;л;ы;б;;;V;БЫТЬ;V ipf praet sg indic f -;Ь
1889;;учительница;УЧИТЕЛЬНИЦА;S f anim nom sg;;;у них была _учительница_ которая входила в;а;ц;и;н;ь;л;S;УЧИТЕЛЬНИЦА;S f anim nom sg;А
1890;;которая;КОТОРЫЙ;APRO - nom sg plen f anim;;;них была учительница _которая_ входила в класс;я;а;р;о;т;о;APRO;КОТОРЫЙ;A - nom sg plen f -;Й
1891;;входила;ВХОДИТЬ;V ipf praet sg indic f -;;;была учительница которая _входила_ в класс и;а;л;и;д;о;х;V;ВХОДИТЬ;V ipf praet sg indic f -;Ь
1892;;в;В;PR;;;учительница которая входила _в_ класс и говорила;в;;;;;;PR;В;PR;В
1893;;класс;КЛАСС;S m inan acc sg;;;которая входила в _класс_ и говорила :;с;с;а;л;к;;S;КЛАСС;S m inan acc sg;С
1894;;и;И;CONJ;;;входила в класс _и_ говорила : «;и;;;;;;CONJ;И;CONJ;И
1895;;говорила;ГОВОРИТЬ;V ipf praet sg indic f -;;;в класс и _говорила_ : « Девочки;а;л;и;р;о;в;V;ГОВОРИТЬ;V ipf praet sg indic f -;Ь
1896;;:;:;PUNCT;;;;;;;;;;PUNCT;;;
1897;;«;«;PUNCT;;;;;;;;;;PUNCT;;;
1898;;Девочки;ДЕВОЧКА;S f anim nom sg;;;говорила : « _Девочки_ , сядьте как;и;к;ч;о;в;е;S;ДЕВОЧКА;S f anim nom sg;А
1899;;,;,;PUNCT;;;;;;;;;;PUNCT;;;
1900;;сядьте;СЕСТЬ;V pf - pl imper - 2p;;;« Девочки , _сядьте_ как я стою;е;т;ь;д;я;с;V;СЕСТЬ;V pf - pl imper - 2p;Ь
1901;;как;КАК;CONJ;;;Девочки , сядьте _как_ я стою !;к;а;к;;;;CONJ;КАК;CONJ;К
1902;;я;Я;SPRO sg 1p - nom;;;, сядьте как _я_ стою ! »;я;;;;;;SPRO;Я;SPRO sg 1p - nom;Я
1903;;стою;СТОЯТЬ;V ipf praes sg indic - 1p;;;сядьте как я _стою_ ! » и;ю;о;т;с;;;V;СТОЯТЬ;V ipf praes sg indic - 1p;Ь
1904;;!;!;PUNCT;;;;;;;;;;PUNCT;;;
1905;;»;»;PUNCT;;;;;;;;;;PUNCT;;;
1906;;и;И;CONJ;;;стою ! » _и_ вот я вспомнила;и;;;;;;CONJ;И;CONJ;И
1907;;вот;ВОТ;PART;;;! » и _вот_ я вспомнила это;т;о;в;;;;PART;ВОТ;PART;Т
1908;;я;Я;SPRO sg 1p - nom;;;» и вот _я_ вспомнила это ;я;;;;;;SPRO;Я;SPRO sg 1p - nom;Я
1909;;вспомнила;ВСПОМНИТЬ;V pf praet sg indic f -;;;и вот я _вспомнила_ это  ии;а;л;и;н;м;о;V;ВСПОМНИТЬ;V pf praet sg indic f -;Ь
1910;;это;ЭТО;SPRO n - acc sg;;;вот я вспомнила _это_  ии ;о;т;э;;;;SPRO;ЭТО;S n - acc sg;О
1911;"<distinct form=""";;;;;;;;;;;;;;;;
1912;<dist>;ии;;;;;;;;;;;;;;;
1913;""">";;;;;;;;;;;;;;;;
1914;;и;И;CONJ;;; ии  _и_  Людочка тоже;и;;;;;;CONJ;И;CONJ;И
1915;</distinct>;;;;;;;;;;;;;;;;
1916;;Людочка;ЛЮДОЧКА;S f anim nom sg pers;;; и  _Людочка_ тоже это слышала;а;к;ч;о;д;ю;S;ЛЮДОЧКА;S f anim nom sg;А
1917;;тоже;ТОЖЕ;PART;;;и  Людочка _тоже_ это слышала и;е;ж;о;т;;;PART;ТОЖЕ;PART;Е
1918;;это;ЭТО;SPRO n - acc sg;;; Людочка тоже _это_ слышала и говорит;о;т;э;;;;SPRO;ЭТО;S n - nom sg;О
1919;;слышала;СЛЫШАТЬ;V ipf praet sg indic f -;;;Людочка тоже это _слышала_ и говорит «;а;л;а;ш;ы;л;V;СЛЫШАТЬ;V ipf praet sg indic f -;Ь
1920;;и;И;CONJ;;;тоже это слышала _и_ говорит « да;и;;;;;;CONJ;И;CONJ;И
1921;;говорит;ГОВОРИТЬ;V ipf praes sg indic - 3p;;;это слышала и _говорит_ « да -;т;и;р;о;в;о;V;ГОВОРИТЬ;V ipf praes sg indic - 3p;Ь
1922;;«;«;PUNCT;;;;;;;;;;PUNCT;;;
1923;;да;ДА;PART;;;и говорит « _да_ - да -;а;д;;;;;PART;ДА;PART;А
1924;;-;-;PUNCT;;;;;;;;;;PUNCT;;;
1925;;да;ДА;PART;;;« да - _да_ - да »;а;д;;;;;PART;ДА;PART;А
1926;;-;-;PUNCT;;;;;;;;;;PUNCT;;;
1927;;да;ДА;PART;;;- да - _да_ » вот а;а;д;;;;;PART;ДА;PART;А
1928;;»;»;PUNCT;;;;;;;;;;PUNCT;;;
1929;;вот;ВОТ;PART;;;- да » _вот_ а Танечка и;т;о;в;;;;PART;ВОТ;PART;Т
1930;;а;А;CONJ;;;да » вот _а_ Танечка и говорит;а;;;;;;CONJ;А;CONJ;А
1931;;Танечка;ТАНЕЧКА;S f anim nom sg pers;;;» вот а _Танечка_ и говорит «;а;к;ч;е;н;а;S;ТАНЕЧКА;S f anim nom sg;А
1932;;и;И;CONJ;;;вот а Танечка _и_ говорит « вот;и;;;;;;CONJ;И;CONJ;И
1933;;говорит;ГОВОРИТЬ;V ipf praes sg indic - 3p;;;а Танечка и _говорит_ « вот да;т;и;р;о;в;о;V;ГОВОРИТЬ;V ipf praes sg indic - 3p;Ь
1934;;«;«;PUNCT;;;;;;;;;;PUNCT;;;
1935;;вот;ВОТ;PART;;;и говорит « _вот_ да , очень;т;о;в;;;;PART;ВОТ;PART;Т
1936;;да;ДА;PART;;;говорит « вот _да_ , очень строгая;а;д;;;;;CONJ;ДА;CONJ;А
1937;;,;,;PUNCT;;;;;;;;;;PUNCT;;;
1938;;очень;ОЧЕНЬ;ADV -;;;вот да , _очень_ строгая учительница ,;ь;н;е;ч;о;;ADV;ОЧЕНЬ;ADV -;Ь
1939;;строгая;СТРОГИЙ;A - nom sg plen f -;;;да , очень _строгая_ учительница , а;я;а;г;о;р;т;A;СТРОГИЙ;A - nom sg plen f -;Й
1940;;учительница;УЧИТЕЛЬНИЦА;S f anim nom sg;;;, очень строгая _учительница_ , а я;а;ц;и;н;ь;л;S;УЧИТЕЛЬНИЦА;S f anim nom sg;А
1941;;,;,;PUNCT;;;;;;;;;;PUNCT;;;
1942;;а;А;CONJ;;;строгая учительница , _а_ я не могу;а;;;;;;CONJ;А;CONJ;А
1943;;я;Я;SPRO sg 1p - nom;;;учительница , а _я_ не могу –;я;;;;;;SPRO;Я;SPRO sg 1p - nom;Я
1944;;не;НЕ;PART;;;, а я _не_ могу – я;е;н;;;;;PART;НЕ;PART;Е
1945;;могу;МОЧЬ;V ipf praes sg indic - 1p;;;а я не _могу_ – я стою;у;г;о;м;;;V;МОЧЬ;V ipf praes sg indic - 1p;Ь
1946;;–;–;PUNCT;;;;;;;;;;PUNCT;;;
1947;;я;Я;SPRO sg 1p - nom;;;не могу – _я_ стою  тоф;я;;;;;;SPRO;Я;SPRO sg 1p - nom;Я
1948;;стою;СТОЯТЬ;V ipf praes sg indic - 1p;;;могу – я _стою_  тоф ;ю;о;т;с;;;V;СТОЯТЬ;V ipf praes sg indic - 1p;Ь
1949;"<distinct form=""";;;;;;;;;;;;;;;;
1950;<dist>;тоф;;;;;;;;;;;;;;;
1951;""">";;;;;;;;;;;;;;;;
1952;;т;Т;NONLEX;;; тоф  _т_  ножки в;т;;;;;;NONLEX;Т;NONLEX;Т
1953;</distinct>;;;;;;;;;;;;;;;;
1954;;ножки;НОЖКА;S f inan acc pl;;; т  _ножки_ в первую позицию;и;к;ж;о;н;;S;НОЖКА;S f inan acc pl;А
1955;;в;В;PR;;;т  ножки _в_ первую позицию поставлю;в;;;;;;PR;В;PR;В
1956;;первую;ПЕРВЫЙ;ANUM - acc sg plen f -;;; ножки в _первую_ позицию поставлю ,;ю;у;в;р;е;п;A;ПЕРВЫЙ;A - acc sg plen f -;Й
1957;;позицию;ПОЗИЦИЯ;S f inan acc sg;;;ножки в первую _позицию_ поставлю , то;ю;и;ц;и;з;о;S;ПОЗИЦИЯ;S f inan acc sg;Я
1958;;поставлю;ПОСТАВИТЬ;V pf fut sg indic - 1p;;;в первую позицию _поставлю_ , то ножки;ю;л;в;а;т;с;V;ПОСТАВИТЬ;V pf fut sg indic - 1p;Ь
1959;;,;,;PUNCT;;;;;;;;;;PUNCT;;;
1960;;то;ТО;CONJ;;;позицию поставлю , _то_ ножки в третью;о;т;;;;;CONJ;ТО;CONJ;О
1961;;ножки;НОЖКА;S f inan acc pl;;;поставлю , то _ножки_ в третью позицию;и;к;ж;о;н;;S;НОЖКА;S f inan nom pl;А
1962;;в;В;PR;;;, то ножки _в_ третью позицию поставлю;в;;;;;;PR;В;PR;В
1963;;третью;ТРЕТИЙ;ANUM - acc sg plen f -;;;то ножки в _третью_ позицию поставлю »;ю;ь;т;е;р;т;ANUM;ТРЕТИЙ;A - acc sg plen f -;Й
1964;;позицию;ПОЗИЦИЯ;S f inan acc sg;;;ножки в третью _позицию_ поставлю » и;ю;и;ц;и;з;о;S;ПОЗИЦИЯ;S f inan acc sg;Я
1965;;поставлю;ПОСТАВИТЬ;V pf fut sg indic - 1p;;;в третью позицию _поставлю_ » и вот;ю;л;в;а;т;с;V;ПОСТАВИТЬ;V pf fut sg indic - 1p;Ь
1966;;»;»;PUNCT;;;;;;;;;;PUNCT;;;
1967;;и;И;CONJ;;;позицию поставлю » _и_ вот говорит «;и;;;;;;CONJ;И;CONJ;И
1968;;вот;ВОТ;PART;;;поставлю » и _вот_ говорит « и;т;о;в;;;;PART;ВОТ;PART;Т
1969;;говорит;ГОВОРИТЬ;V ipf praes sg indic - 3p;;;» и вот _говорит_ « и я;т;и;р;о;в;о;V;ГОВОРИТЬ;V ipf praes sg indic - 3p;Ь
1970;;«;«;PUNCT;;;;;;;;;;PUNCT;;;
1971;;и;И;CONJ;;;вот говорит « _и_ я вот так;и;;;;;;CONJ;И;CONJ;И
1972;;я;Я;SPRO sg 1p - nom;;;говорит « и _я_ вот так всё;я;;;;;;SPRO;Я;SPRO sg 1p - nom;Я
1973;;вот;ВОТ;PART;;;« и я _вот_ так всё время;т;о;в;;;;PART;ВОТ;PART;Т
1974;;так;ТАК;ADV -;;;и я вот _так_ всё время в;к;а;т;;;;ADV;ТАК;ADV -;К
1975;;всё;ВЕСЬ;APRO - acc sg plen n inan;;;я вот так _всё_ время в каком-то;ё;с;в;;;;APRO;ВЕСЬ;A - nom sg plen n -;Ь
1976;;время;ВРЕМЯ;S n inan acc sg;;;вот так всё _время_ в каком-то движении;я;м;е;р;в;;S;ВРЕМЯ;S n inan acc sg;Я
1977;;в;В;PR;;;так всё время _в_ каком-то движении ,;в;;;;;;PR;В;PR;В
1978;;каком-то;КАКОЙ-ТО;APRO - loc sg plen n inan;;;всё время в _каком-то_ движении , а;о;т;-;м;о;к;APRO;КАКОЙ-ТО;A - loc sg plen n -;О
1979;;движении;ДВИЖЕНИЕ;S n inan loc sg;;;время в каком-то _движении_ , а ей;и;и;н;е;ж;и;S;ДВИЖЕНИЕ;S n inan loc sg;Е
1980;;,;,;PUNCT;;;;;;;;;;PUNCT;;;
1981;;а;А;CONJ;;;каком-то движении , _а_ ей это очень;а;;;;;;CONJ;А;CONJ;А
1982;;ей;ОНА;SPRO sg 3p f dat;;;движении , а _ей_ это очень не;й;е;;;;;SPRO;ОНА;SPRO sg 3p f dat;А
1983;;это;ЭТО;SPRO n - nom sg;;;, а ей _это_ очень не нравится;о;т;э;;;;SPRO;ЭТО;S n - nom sg;О
1984;;очень;ОЧЕНЬ;ADV -;;;а ей это _очень_ не нравится »;ь;н;е;ч;о;;ADV;ОЧЕНЬ;ADV -;Ь
1985;;не;НЕ;PART;;;ей это очень _не_ нравится » .;е;н;;;;;PART;НЕ;PART;Е
1986;;нравится;НРАВИТЬСЯ;V ipf praes sg indic - 3p;;;это очень не _нравится_ » . ;я;с;т;и;в;а;V;НРАВИТЬСЯ;V ipf praes sg indic - 3p;Я
1987;;»;»;PUNCT;;;;;;;;;;PUNCT;;;
1988;;.;.;PUNCT;;;;;;;;;;PUNCT;;;
1989;;;;;;;;;;;;;;;;;
